,A,B,C,D
2000-01-01,-0.3506244070036563,-0.6552438514246026,1.6622567517252984,1.228610864408423
2000-01-02,-0.07232990971622338,-0.3016170823090305,0.8817276104828442,2.858114289258012
2000-01-03,-2.3564656229882686,0.7520678209811937,-0.047391873069584256,2.2158265711103735
2000-01-04,-3.2462875009127448,2.3496557688064654,-0.16944972112154283,2.6177064647788617
2000-01-05,-2.90245297982481,1.6803533522414726,-0.5162100742607412,2.7178673302581258
2000-01-06,-2.8194654252419094,1.4638236731195025,-1.1143109359131014,2.8549884924634847
2000-01-07,-4.228084488815892,1.6768473978763732,-3.2617948441242754,4.3324761922493416
2000-01-08,-5.142310029639024,2.296238160223591,-1.9814119715398897,3.58959406471251
2000-01-09,-4.667555531780355,2.643910718645816,-0.8612241242607388,3.3242613964107193
2000-01-10,-4.04141750709151,2.5290786389522166,-0.2802710679625676,2.9556204381341797
2000-01-11,-1.8309712591822422,3.373739452089476,0.8155438299899235,3.764006994189856
2000-01-12,-2.0098730648889753,3.4951595452289057,1.745214325105593,3.1401930271882965
2000-01-13,-2.5621457184807257,4.2624598684305575,3.2713984836793326,3.303161617811778
2000-01-14,-2.9908112832576714,3.7118496853941787,3.2731286408509037,0.9893974375898855
2000-01-15,-4.232104555841067,3.9555388150742745,2.729781387783264,1.792381661946978
2000-01-16,-5.44730658977109,3.7260192898342717,1.627140163745472,0.03050691728241417
2000-01-17,-6.085782349769628,3.738024506571422,3.0026783033457747,1.636793586136819
2000-01-18,-6.839403051215548,4.092771196739734,2.654578990106966,3.1006234758188436
2000-01-19,-6.746907755556408,4.474217764930939,2.3930624853312974,2.069461451254996
2000-01-20,-7.544597137819229,5.576531143786653,2.6723300586894188,2.6779944898486954
2000-01-21,-9.04708896051899,6.21899063225626,2.554406944711733,2.3776415191197184
2000-01-22,-9.013810438538414,6.1101603050718,1.337534511467523,1.9557102405066893
2000-01-23,-8.564175828046842,5.531382749918527,0.5647872389117858,1.1691208696707254
2000-01-24,-7.126427387114761,5.848541245864022,1.1993914682380642,1.9689983863130291
2000-01-25,-6.968548440359256,4.930363517072809,-0.3037794857746774,0.18055907412343064
2000-01-26,-8.507086546370209,4.332210976312685,-0.7193624230838114,-0.8109608132753714
2000-01-27,-9.204568528867012,4.899957785689392,1.2075809112324867,-1.8730175474230804
2000-01-28,-9.151984036010566,5.530038430895385,0.7211147639849973,-1.4741850749424867
2000-01-29,-6.749703080357463,5.5900219690106026,1.1976903924786284,-2.7153079447723933
2000-01-30,-8.630589828284414,5.484474227276107,2.122797454849177,-3.174096092147676
2000-01-31,-7.777318192116997,5.060940566526167,0.2527205581100864,-4.547594982821196
2000-02-01,-7.762240761241109,4.176084476117673,0.5488005921293457,-4.081575248109913
2000-02-02,-7.220508495170034,3.896290462116687,0.8715566845231173,-3.5011364105279585
2000-02-03,-6.648687537864763,6.207838720660007,1.5529206789940804,-2.3841942312785647
2000-02-04,-7.38222086459146,6.476542686356586,2.4361726369070746,-3.167610010393932
2000-02-05,-8.390595286527043,6.33050843874698,1.7937897321607128,-3.918170058295275
2000-02-06,-8.659386882730082,6.34758335379071,1.1535042393697394,-2.417300947562078
2000-02-07,-8.011023551771656,8.56386610526371,2.5368155743362655,-3.353447236774817
2000-02-08,-7.7037022566694775,9.823217829987144,0.8187710184149992,-3.182379213761659
2000-02-09,-6.798206852423918,8.521514420926847,-0.04871520480895064,-3.3266373999598744
2000-02-10,-5.839215829549379,7.661367881444618,0.8917710107223232,-3.9953739313300716
2000-02-11,-6.066151211024298,7.501368941554032,-0.5410310734095448,-3.970189236483965
2000-02-12,-5.176034927631502,7.228281369663494,-0.8282902851357199,-2.7544180066791117
2000-02-13,-4.9988005973932506,6.746840170922671,-1.7055768259425275,-0.9335658973265364
2000-02-14,-4.221228007645488,7.979372701777036,-1.3695936804128717,-0.4321084283605162
2000-02-15,-3.5177490060467913,8.576769069599226,-2.8472692922167386,-0.7832783075238592
2000-02-16,-2.0195269681793806,8.737297465789556,-3.9480982690391633,-1.2370632983882526
2000-02-17,-3.2339340654911295,9.44883396540091,-3.0140203732824853,0.525317766617273
2000-02-18,-3.2150830891570417,9.193723696314269,-1.027672786751926,0.7712388906589968
2000-02-19,-1.229413222418476,9.652041838106493,-0.8420055853334115,-0.4294379477698106
2000-02-20,-0.6273742129584048,9.200912001251531,-0.7916027884224159,-0.9974538245170169
2000-02-21,-1.647358838521571,9.45868130392531,0.12316011406737626,-2.1138289748846555
2000-02-22,-1.3732136007354998,9.508242016661839,0.6963242353698872,-3.811264688555956
2000-02-23,-0.6184385895634718,10.430978372058602,-0.16969976746745252,-1.0503151626721356
2000-02-24,-1.5293041670526275,10.700104343173289,-0.7143784793418646,-1.2030521618966705
2000-02-25,-2.160241615599589,10.659104595963216,0.25063034279952934,-0.8576604234752017
2000-02-26,-1.3868378014937437,10.595166432263653,-0.3335447639401513,-0.23552781649370957
2000-02-27,-2.2979118278421886,11.292269392983613,-0.6171920817414254,-0.8808258581590964
2000-02-28,-1.9960260877980107,12.707827909358098,0.43807745066214276,-1.818396978547809
2000-02-29,-2.4141314283096458,11.301092910751594,-0.9058416370845159,-1.7479828839018505
2000-03-01,-3.36510736422232,11.424235820864217,1.3221227223957825,-0.1740433553557308
2000-03-02,-2.1598994764856005,12.246071250276747,1.12235913445442,0.5277811904964983
2000-03-03,-2.6787958111364336,10.860914268871218,0.52414062123924,2.0145705864953167
2000-03-04,-1.673891877608501,11.385991542037853,0.22727486447994621,3.068331170194609
2000-03-05,-0.23238870035572878,11.364601395619706,0.0725899391623932,3.268402507027856
2000-03-06,-1.0089156789618348,12.055774446112885,1.5527991025241188,1.2975439272588414
2000-03-07,-0.3811446895545203,11.642485928410998,1.3494893913028698,1.5875630221541994
2000-03-08,-0.80124573630539,11.606105078909389,1.9995203763019194,2.017464839327833
2000-03-09,-0.8524875562088667,12.323826237314782,2.865193660115057,1.4619370084397505
2000-03-10,-1.6986948597755531,11.24836593539281,3.6478925123811528,0.693282199507473
2000-03-11,-3.1831002866208777,10.930165043557473,3.207812667508365,-0.6390927120020239
2000-03-12,-3.0290908104221175,10.380918400948586,2.833089889719487,-1.7834182108458214
2000-03-13,-2.7059783738285144,9.835450677574174,2.442990937743826,-2.4189236262193075
2000-03-14,-1.955139007768604,9.35292730620578,2.5253146420891617,-2.653832300450474
2000-03-15,-0.6760690670091904,9.165031373083313,2.7509972523798867,-2.371369823460539
2000-03-16,-0.5906715631386684,8.886043343029662,1.5318978289510374,-2.7273191703256683
2000-03-17,-2.042416361291854,6.830255839737365,0.13298542318152995,-0.9962385912596194
2000-03-18,-3.0569431225172954,6.425138965687438,-0.3873592104207144,-1.9608022957442577
2000-03-19,-2.446885227330887,6.973701535888534,-1.0183800411051211,-0.0816490992906449
2000-03-20,-0.47463777110551786,6.504313544396999,-0.04468086838023211,0.09844199905066428
2000-03-21,-0.4949204679581173,7.020733112649392,1.2453203592951962,0.18914778458004672
2000-03-22,-0.9878327118965197,6.450958911124681,-0.5956942954561761,1.0618601074755005
2000-03-23,0.47884803382925434,6.652665331744995,-0.4328451546283133,1.3917214551037502
2000-03-24,1.6229383101365764,6.343348965725625,0.3635002316484848,-0.010220241886490955
2000-03-25,0.5810944446189563,7.156376001942458,0.6195202823043282,-0.09803771050973185
2000-03-26,0.11095824753605865,6.833825432906485,2.508592922758031,-0.7275465882911591
2000-03-27,0.36113130973590746,7.448920411104866,2.981343626035363,-0.6859792259858852
2000-03-28,1.4794530412145526,8.0283331311389,3.645949307905602,-2.1237781593307266
2000-03-29,-0.17377901151926833,7.833859305284919,4.13098890620368,-1.934801620773792
2000-03-30,-1.247348827973186,7.627196503353211,5.280884115843147,-1.261960257856519
2000-03-31,-1.8681397258485064,6.835512209071974,4.989807983203574,-1.9634711952024948
2000-04-01,-2.5459899618307835,6.321924272552523,6.962201495274414,-3.033955559972634
2000-04-02,-2.3955844326491476,6.729562324109399,4.541782228015352,-3.7769561519677612
2000-04-03,-0.5606909766843988,6.453100026840698,5.504500090986197,-4.964260812200273
2000-04-04,-0.939692939883379,6.61524425862212,6.660928827404245,-4.52221206218152
2000-04-05,-1.8334841289367667,7.030512970334042,7.424439331896255,-3.405570529309646
2000-04-06,-1.0491369170672655,8.000613833535315,6.241934208981927,-1.390853920993032
2000-04-07,-0.7814263737347508,7.832509732895518,8.794149919031806,-1.9873777161064412
2000-04-08,-2.2070415209348644,8.739709695213959,8.676295583464888,-1.829093736799748
2000-04-09,-1.7714741193126633,8.713391326588887,8.790864857482791,-0.7084008865582392
2000-04-10,-1.0924130351122343,7.31829017534145,9.007978424968098,-0.2782641700178969
2000-04-11,-1.0685957782287534,8.1233467262314,7.797000809306685,0.772675264359751
2000-04-12,-1.7715359059384825,9.426774142479498,8.188163019640252,0.8431187981971415
2000-04-13,-2.842111967477193,9.765449103337051,6.905347370282819,2.163111014812111
2000-04-14,-2.508534888271141,11.315381633186254,6.949778766635659,3.1218516791332336
2000-04-15,-3.9058883852490816,10.987671922447747,7.279503001296508,4.141426739128317
2000-04-16,-2.041752892987429,8.336877332541789,7.351579193500089,3.04434497344163
2000-04-17,-3.4156458406927954,7.467435669031069,7.879703517195614,1.3195035377668667
2000-04-18,-1.8966412961747632,6.697564626427233,8.236270705957352,1.4297962312461094
2000-04-19,-1.0257580770653807,5.997913052946517,10.133367843557744,1.2151121266979263
2000-04-20,-2.645907916740896,6.058692315229278,10.031503528401172,2.0198262071759987
2000-04-21,-1.1422273588802938,6.838454625227514,10.46360031814958,2.2580345737071896
2000-04-22,-0.38839015917193254,5.068851272261909,11.201667188690092,1.9874770751754183
2000-04-23,-0.33845536416543465,3.790475051248171,12.03608487829994,2.0381276946080273
2000-04-24,-0.1373211442390132,2.9635111686556743,12.038238931504656,0.8080584071983616
2000-04-25,0.9572091273669985,4.140662385323218,13.12292289769801,-0.05792437056792399
2000-04-26,-0.14826703912511374,3.2726619571679394,13.398137096443117,-0.4198378930562113
2000-04-27,-2.7669776160318804,3.3300261792516745,14.226458977163617,-1.2882588539834505
2000-04-28,-2.718902020932485,0.9944137433742268,14.362748701538187,-0.7215667801305005
2000-04-29,-3.389277036389896,1.5956273784772887,12.407990711521894,-2.16182032482787
2000-04-30,-0.9335733080834223,1.7214949736744867,11.510496199786287,-1.4533337659598249
2000-05-01,-1.1797751441019806,1.544618850583077,11.666420843075814,-0.563591865853856
2000-05-02,-1.6022884980787342,0.6390332459142203,10.49959388997483,-0.3764738275333682
2000-05-03,-1.5220370523661282,0.43728318676728617,9.945297775512133,-1.2588207385072425
2000-05-04,-0.48004508099442567,0.0939823638231651,9.713585679815964,-1.764552482419892
2000-05-05,-0.7815910738386673,-0.45108791553182476,11.174285885573642,-1.9561414967507762
2000-05-06,-1.3311610245700414,0.6458759882901612,11.614264646924045,-3.0238151172075125
2000-05-07,-1.5749673363878187,0.8167630835064723,12.790232757010923,-1.7485140786623867
2000-05-08,-1.4852472808530428,0.44151318947585017,11.519798369986864,-0.9511490969229744
2000-05-09,-1.8849920111024367,-0.9107865861956888,10.05884768411222,-2.3935263606035844
2000-05-10,-2.0761847422329667,-0.5271973057763659,10.134031769865452,-4.960191615366359
2000-05-11,-3.530475404235869,-0.7752427057910323,9.845462242870587,-6.156593677477835
2000-05-12,-3.915884465972603,-1.2982247601929582,9.811790261370922,-6.407846328965731
2000-05-13,-5.172380521118121,-1.9127777323308428,10.382413754900718,-6.155474206751356
2000-05-14,-5.603365704010271,-1.1840513689079706,11.110036794143507,-5.352105294655402
2000-05-15,-6.667982698512869,-1.6160115075927257,11.943866601796955,-6.38780867092263
2000-05-16,-7.555126566760956,-0.6578235809743154,11.062657822282716,-6.418989163743079
2000-05-17,-7.520584337627825,-0.42512288516183483,11.934322322326805,-5.730278891793416
2000-05-18,-6.390961041024437,-0.8223873895634821,11.347306287575279,-5.041691546441953
2000-05-19,-8.616029819735013,-1.5039232668776323,9.305142740637532,-6.568139128532187
2000-05-20,-7.547981211855103,-0.3491755284644167,8.218412432144001,-7.449011626402804
2000-05-21,-9.05511004078263,0.40241313789141675,8.295009092373094,-8.057749347976223
2000-05-22,-8.763405551784343,2.167430858635505,8.945736532683046,-6.7423395462994975
2000-05-23,-10.100980825355204,3.102292250281213,10.80371100372464,-4.280027446815975
2000-05-24,-10.478413213592402,1.333501684898456,12.270574750753342,-3.900068399649648
2000-05-25,-9.663366446303394,1.5324031084524279,11.638039504127013,-2.8674005784732146
2000-05-26,-9.654569407507372,-0.03608763197085696,12.68715746679441,-3.705793791662562
2000-05-27,-9.568073796726372,0.8299260412106654,11.101909558967611,-5.383874111034998
2000-05-28,-10.09869615383283,-0.0027623885868266473,11.135079764609069,-6.32118837675917
2000-05-29,-9.26880661940469,0.7152291538432631,10.883672477770881,-6.631331445706301
2000-05-30,-10.66558339283017,1.7416858569938931,10.952299918803327,-5.08156596848043
2000-05-31,-10.139933299387128,1.5413373370343317,10.117631156229313,-2.9579426962882263
2000-06-01,-10.516945762982541,1.354705568475146,10.23387857302733,-2.693438709925384
2000-06-02,-11.200988036911502,0.7192641355390254,10.59330717574665,-2.5616455372726596
2000-06-03,-9.592248411360105,2.0557332356049525,10.623091651509707,-4.76754068643819
2000-06-04,-8.776169013815508,2.648879923643121,10.134227394602565,-4.046726130063709
2000-06-05,-9.697373665551535,2.9007736938037,11.780258237766981,-2.957811023536533
2000-06-06,-10.846014834284297,2.735381127779339,12.133429181061166,-4.436351702678828
2000-06-07,-11.531000658085878,3.240556287391252,13.274481933012414,-3.32781806672574
2000-06-08,-12.509851506783647,4.212995976487951,13.342351019826049,-3.479550217829152
2000-06-09,-10.302776798974282,3.4240515907524753,14.653666329231537,-5.064086603310875
2000-06-10,-9.301832851729676,1.9086577739088546,15.308991995081504,-5.535532601488248
2000-06-11,-8.32994269303651,2.7942207988672254,13.837987381787778,-4.742619090252042
2000-06-12,-7.778026848995837,0.13350373894699974,13.631839264733639,-6.652542410546035
2000-06-13,-9.356316907245908,2.1045646083089977,12.32900610685289,-6.486493014964935
2000-06-14,-7.817414855043918,1.6441687839564447,11.429981761605726,-4.3721598538736135
2000-06-15,-8.123730245555057,1.1656815402032712,11.435301858012897,-5.4096229259321555
2000-06-16,-8.140620523343001,0.49076185021762,10.92080983786978,-5.195432317512513
2000-06-17,-8.559885902886569,1.1710323228671857,12.178720497146509,-5.757741565345729
2000-06-18,-7.306171785446691,1.200040327187236,11.032282237053135,-7.091487543067467
2000-06-19,-7.5539282251617665,2.2698705173642617,11.638010784166308,-8.65559531805339
2000-06-20,-6.988762973617727,4.167457062286662,12.265812170380196,-9.223983538049634
2000-06-21,-6.19223701735029,6.297905832379621,14.049196397546261,-8.632909150978783
2000-06-22,-6.224487993715377,7.187373798042754,13.08862027752281,-8.399681951496065
2000-06-23,-6.991005154774328,7.493220583205641,12.980952963167455,-8.863131655212577
2000-06-24,-8.300627744993047,6.797332572887994,13.248761095843227,-10.025429130669242
2000-06-25,-8.117436149597602,7.330847747420335,12.880345887775743,-9.286667895856086
2000-06-26,-8.934932220754254,4.41828374657311,12.591221050196419,-10.126418863725855
2000-06-27,-9.126248779372187,3.233081541214599,13.640092566371132,-8.212173124598364
2000-06-28,-10.286908771675321,3.615290083694567,12.794539443210272,-9.017855076569433
2000-06-29,-9.813139099193368,2.358126557041082,14.341580089601022,-8.969142377317686
2000-06-30,-10.624000933111112,2.7851703428194363,14.592177546767417,-9.156376518447404
2000-07-01,-10.086913944500939,2.424094151082278,14.336042262478202,-9.990549421407717
2000-07-02,-10.49779901335781,2.442388776288612,12.625459419889063,-11.481955027132853
2000-07-03,-8.712482551476054,2.5061866204035783,12.403436359126191,-10.339513318828232
2000-07-04,-9.286377632720011,0.3376814712102192,11.889077349813236,-10.01709249787051
2000-07-05,-10.706809639365149,0.7808229174580996,11.392768775811954,-8.64720800403315
2000-07-06,-10.21531235675684,0.06325891926985516,11.818291880955842,-10.192667125255563
2000-07-07,-11.455869928438592,1.627014508958798,10.029288504442864,-10.584281952191352
2000-07-08,-10.671013826344819,1.743396703351273,9.103261759540574,-9.712255319964214
2000-07-09,-12.256468676020374,1.0766047601097668,8.528735250180198,-10.16494038204816
2000-07-10,-14.874825134917442,1.2633864962317947,7.491241706125153,-9.250237363336257
2000-07-11,-15.443602203728545,1.31776766975752,6.741276458563489,-10.010195721970831
2000-07-12,-15.694225713430589,0.11899429444656762,5.918919250051949,-9.822141775648731
2000-07-13,-14.262933354124193,-1.2999014187796143,5.975856821155444,-9.46512408635211
2000-07-14,-14.852704894981793,-0.8154635007093112,6.152561887848001,-9.20480165086692
2000-07-15,-15.892365624815247,-0.4125235577591111,7.614517684770577,-11.78373258685338
2000-07-16,-13.839383103409187,-0.8106248042403016,6.667341490535938,-12.524889722685113
2000-07-17,-15.519694056554833,-0.9906619145682549,6.73574215156926,-13.018376097792386
2000-07-18,-16.451945809180756,-1.6779521178822794,8.057742923213537,-13.710452661670079
2000-07-19,-16.292732096298835,-3.4348209077621545,7.892363490876525,-14.429005652561196
2000-07-20,-18.614790150743968,-3.487104009916483,7.297249485683763,-14.990138362774616
2000-07-21,-18.364606908216423,-3.79275590595881,7.845391001436109,-14.943502629018147
2000-07-22,-16.237449691665553,-5.25849104170015,7.766804463941028,-13.43902661729402
2000-07-23,-16.72099483627503,-4.518657180808777,6.048751053257755,-12.51138221505981
2000-07-24,-14.80710502392711,-6.534909442286619,6.073612984437484,-11.419843262548401
2000-07-25,-14.486811559253937,-6.420950979140628,4.716030310172613,-11.412359817025521
2000-07-26,-13.21268291184204,-8.104140134913896,3.547713069671565,-11.667431888833956
2000-07-27,-13.635066681248507,-8.202534716830582,1.7870562521136553,-12.168892130820174
2000-07-28,-12.893964200371656,-8.360846412033096,1.9115950708767906,-11.044619487733998
2000-07-29,-11.996667381904034,-9.14248418200625,3.280176049011959,-9.401619869873823
2000-07-30,-11.76925201979983,-9.893123210673425,2.207202407171497,-9.136603168492305
2000-07-31,-10.39069885470052,-9.165723373574314,2.224320826213025,-9.057085002714752
2000-08-01,-10.384222773148648,-9.149139580397451,1.000699740932902,-7.049104745088584
2000-08-02,-11.74738095306043,-10.413865622834882,0.9148968070466638,-7.18000057277898
2000-08-03,-11.558643356359354,-8.983735403500988,-0.9711593420630883,-6.026800680623671
2000-08-04,-12.566406608304101,-8.648374920437922,-1.087171666584171,-6.198071660794178
2000-08-05,-12.016393970841913,-8.375835859356483,-2.017441526938656,-6.470622538158465
2000-08-06,-13.782902536581547,-9.732746113158942,-2.3470991293822303,-4.551653164572157
2000-08-07,-16.21043357853203,-9.598831452464015,-4.091810960592505,-4.251149696264878
2000-08-08,-15.297116510565822,-8.104092863028619,-3.659868229896802,-2.7892851898372104
2000-08-09,-14.092834576759936,-7.564847255839311,-3.9812358062154427,-3.5861013175577616
2000-08-10,-16.426074568893565,-8.729835442964463,-3.9384540503589394,-3.280911923062173
2000-08-11,-17.603950328036646,-8.227597287836572,-3.8820648480631603,-2.78425448206123
2000-08-12,-18.473850745802903,-9.59968286293757,-3.109782172462622,-3.7207876085530205
2000-08-13,-19.060853404980218,-9.74022730629184,-2.427021074818237,-2.4106924833742394
2000-08-14,-18.002426320831983,-9.39615855681168,-2.1546095313819396,-3.3948675602645695
2000-08-15,-17.208282629433853,-7.76798791868265,-0.05720896983492274,-2.380369877210052
2000-08-16,-16.74915654895268,-7.395682100983416,-0.2890321621100725,-3.8898788027296227
2000-08-17,-15.892947335436723,-5.643021481585609,0.38471795756070365,-3.9857065063936403
2000-08-18,-15.103547383369488,-5.105100922651558,0.9188302751002584,-3.8669082262615286
2000-08-19,-15.5719598530736,-2.9855448313138333,1.767061823215468,-3.677085561634291
2000-08-20,-15.062091461184341,-3.4456924748826663,0.03528639574451442,-3.9658046361690595
2000-08-21,-15.217394683645637,-2.186087672916887,0.26306972285385,-5.555866700387911
2000-08-22,-14.589432319777814,-0.944694023977924,0.11429167468668738,-7.278838234615508
2000-08-23,-14.24973203224082,-0.4174127951443145,1.0016902430095624,-7.399009116212782
2000-08-24,-15.720156786147044,-1.8909176453354695,0.47754494784919654,-5.955400458073306
2000-08-25,-16.700517899784586,-2.015971022545455,-0.7472043603343536,-7.66676033699791
2000-08-26,-17.70610983952235,-2.7225934637504055,-1.3815032308224322,-9.27724623832917
2000-08-27,-18.561803891775334,-1.8186088823987259,-2.2742932962934925,-10.757937577166489
2000-08-28,-18.198766789423907,-0.9845958543038286,-2.990369621694476,-11.5744036945211
2000-08-29,-17.898030442614854,0.533921843308213,-4.030877504992798,-10.886399165778721
2000-08-30,-19.868859293186695,0.05704501479394636,-4.938738818534829,-10.358578925271045
2000-08-31,-22.02196185787264,0.17924157407703056,-6.006668398573029,-9.079607338346124
2000-09-01,-21.510909680441173,1.5771360295053631,-7.247016009695994,-9.910690510681668
2000-09-02,-22.50045852987811,0.4460649905917955,-6.902074809893851,-10.291445761990738
2000-09-03,-21.342907098316633,2.0892258135131887,-6.892884011208471,-10.77507495342146
2000-09-04,-21.313831388868227,2.3688996541719147,-7.712908597872988,-11.426047318070905
2000-09-05,-22.578452687322418,0.4465124965038576,-8.254547329694704,-11.297572145441368
2000-09-06,-21.79456396395188,-0.39639513937386106,-5.864549236426728,-12.807058316357805
2000-09-07,-21.475209858630734,-1.0226681029667675,-6.384441975131395,-13.558732780823664
2000-09-08,-23.404705221664077,-0.6294067117290262,-6.326449167179938,-13.850426857801155
2000-09-09,-23.283269934997456,-1.26180658810706,-6.501454910587158,-12.851551054031148
2000-09-10,-24.053400597748407,-0.6814172374527471,-7.169594861411731,-12.7020094658408
2000-09-11,-24.55557292396235,-1.135402855508915,-8.11978997400492,-12.641175802857544
2000-09-12,-23.25910199588222,-0.45479354451523524,-7.600350526943093,-13.091878303862758
2000-09-13,-23.425035526816323,-2.3109729098972562,-8.871014511528406,-12.694781089465266
2000-09-14,-23.761781834928264,-1.833442727248984,-8.083286425306763,-11.493944703589623
2000-09-15,-23.241096916723198,-1.8553161317041684,-7.319138699348698,-10.639374975418752
2000-09-16,-20.489302869139948,-1.4613066495475597,-8.10939337900437,-10.5178465602153
2000-09-17,-18.736315179188345,-2.028774383113217,-8.632104694337189,-9.32760353192479
2000-09-18,-17.30707003681742,-0.8810953225308777,-8.267285125820749,-9.576274105592832
2000-09-19,-16.099789805163827,-2.338659388492248,-9.503533744772108,-9.449724934682619
2000-09-20,-15.664716874817843,-3.3727763833881284,-8.86736249682395,-9.41503448162766
2000-09-21,-15.307915648999751,-2.466123012686365,-9.228906523284241,-9.698571820749029
2000-09-22,-16.868006939025864,-3.664533950624743,-6.952314404031554,-9.056737632250396
2000-09-23,-17.30378102437839,-4.148565088216055,-6.833461410932106,-10.147863223664588
2000-09-24,-17.386564236591646,-3.141146265721061,-5.512786703410338,-11.423516761722636
2000-09-25,-16.740965212909067,-3.0985858181472303,-4.279696474357761,-11.171393958160857
2000-09-26,-16.779030052783142,-3.0769658149831987,-6.07548385536891,-11.047341978345907
2000-09-27,-15.94599149702921,-2.4967692254097624,-6.212344038504399,-10.435324003769772
2000-09-28,-15.619842535080128,-3.1904829728560573,-5.430081622267339,-9.444592189827947
2000-09-29,-15.227073252097368,-3.4689908136586722,-4.519903533756379,-9.457506092004834
2000-09-30,-14.58668261685927,-4.2494207329566365,-3.1834914871405635,-9.40832285630916
2000-10-01,-15.748332822357233,-5.903779908442233,-2.769403223434812,-7.557948948115176
2000-10-02,-14.581083401962077,-5.983238287579911,-3.837947584747804,-6.574256020241166
2000-10-03,-14.680178746302566,-5.6473231590420685,-2.880776332770678,-7.265749353650654
2000-10-04,-13.87848816198828,-8.368240484326648,-1.8562161236268933,-7.961221656898087
2000-10-05,-13.85596853285299,-7.733674545223921,0.4341288340428424,-8.102097842011695
2000-10-06,-13.335024198470583,-7.047846132767741,0.13816365282184817,-9.163301184666556
2000-10-07,-14.822442689981454,-7.471891464414297,0.12843240057740896,-9.174780465242375
2000-10-08,-16.591386628696547,-8.966223045551747,-2.529913695236522,-8.623418124685589
2000-10-09,-18.366048020499314,-9.24617882656753,-1.6308373551490045,-7.498460346111792
2000-10-10,-17.243152844056024,-8.341245600778283,-1.7164282048396116,-7.07726430390618
2000-10-11,-15.605216633203243,-8.884045349454972,-2.199919467778373,-7.3811344180128415
2000-10-12,-14.876732847249597,-7.9903114690730375,-1.2207075211275331,-6.456182636423961
2000-10-13,-14.812932611596814,-7.539294365870162,-1.7023454202269082,-5.1119556246357245
2000-10-14,-13.64055881457348,-10.12988798930279,-2.3674569713057263,-4.737399655431567
2000-10-15,-14.78659974583984,-12.334170196911641,-0.07724876139933023,-6.116598513414575
2000-10-16,-15.091247660808472,-12.485974593737833,1.389311205133918,-5.9904346481806865
2000-10-17,-15.871795689197437,-14.166906282339678,1.4267791676312092,-5.1398855887249795
2000-10-18,-16.19404845585354,-15.468530783674991,1.5336825944015815,-3.9424341658768154
2000-10-19,-16.534958477964533,-16.179515837233453,0.8713979500844069,-2.5470160538584246
2000-10-20,-17.074261280178433,-15.043344084099258,0.6777787307683409,-3.6250914613964715
2000-10-21,-18.819016759951495,-14.83269326773548,-0.6664198696642478,-4.321692960152798
2000-10-22,-16.51834559684935,-15.098065705493218,0.26652501520632665,-5.5988591533614285
2000-10-23,-14.629794242696297,-14.015712959812985,0.6305145876274628,-3.6609446483056867
2000-10-24,-15.865313071759068,-12.887200254985737,-0.27876999951170434,-1.8489661741439034
2000-10-25,-17.963325683590618,-12.99592048013615,0.5368432897357831,-0.8526575830342038
2000-10-26,-17.534784549133285,-12.212617335769801,0.216328001694562,-0.686292843127651
2000-10-27,-15.672139536607897,-13.233382022397153,-0.012274826605960604,0.364531499711631
2000-10-28,-15.162105718125481,-12.935064753363672,1.137330563681993,0.7934108073799317
2000-10-29,-16.744944305029616,-12.826679394764511,2.0205842890687515,1.772782700851324
2000-10-30,-16.388437255449134,-11.684576752839376,2.5888331769843402,1.5054123939177506
2000-10-31,-17.0346556609326,-11.653812788431727,1.5143446254816664,1.6860685897341263
2000-11-01,-17.28305336094224,-10.88836047903345,0.0823934060752467,1.778105876228321
2000-11-02,-17.64474354319237,-8.848140495621212,0.1973582100130082,2.0981468099627443
2000-11-03,-19.39494731370027,-9.498998291496548,-1.1543368161676333,2.8256056956376883
2000-11-04,-18.347316362287653,-10.124489943187355,0.08985123335188305,1.5910044004452921
2000-11-05,-18.461591866654864,-9.719660306607649,0.238322972121478,1.767556837368944
2000-11-06,-19.17925479973535,-9.750532119790153,-0.022472974487107195,2.7331262105892073
2000-11-07,-17.666910710320234,-10.510718810204958,0.7908872290726328,3.0803857532641703
2000-11-08,-18.14935581957535,-11.670817097399949,1.0786841067944848,1.8741777505775128
2000-11-09,-19.391505122785663,-12.10295733546459,-0.624436595558022,1.064977682589973
2000-11-10,-20.46161908125086,-12.453600777947523,-0.7949480960848961,0.6104407415520108
2000-11-11,-18.735911519752012,-14.351519093459505,-0.2963026509566826,1.1401879438629572
2000-11-12,-18.56496809711926,-14.764929186223267,-0.09971245472246279,0.5060871209622433
2000-11-13,-18.072515956914966,-16.62692882349261,-0.689800390503115,1.5424791351315925
2000-11-14,-17.087066868805604,-18.952936576103827,-1.7746028674097785,2.5092741505505565
2000-11-15,-16.012740999647786,-20.24023695175888,-1.6222240707557196,4.158561641320848
2000-11-16,-16.405187910381482,-19.727177554107463,-3.040568125325634,4.571153838053093
2000-11-17,-16.058846075404357,-18.952521985198057,-3.235320466313371,4.044030695132347
2000-11-18,-14.688157996192896,-19.646162675928785,-4.35429207794116,4.935212067385849
2000-11-19,-12.693522082666686,-20.261457222938198,-5.293951657060129,6.819221751396923
2000-11-20,-12.583665950072922,-22.168779008972106,-6.718881598077626,6.1908581054332865
2000-11-21,-13.07079378452232,-22.16834414695501,-7.106626186569047,6.8793060584351835
2000-11-22,-13.00308560014442,-21.32780639322135,-7.265021296067091,7.7528097261003746
2000-11-23,-13.302818329340218,-19.717620414090547,-6.345583102980466,8.050891876346158
2000-11-24,-13.06102969939014,-20.17862941820914,-5.822620053900081,7.645183732196578
2000-11-25,-11.361983824862298,-18.39105139587989,-5.482680099778588,7.255258630420373
2000-11-26,-12.580666367081946,-19.44991904637101,-5.604143349277081,6.2235157058964425
2000-11-27,-12.250126181775382,-18.49434715743229,-6.059799664359896,5.524139931979942
2000-11-28,-10.397166828453743,-18.383214962943068,-7.416738343599736,4.528362789061386
2000-11-29,-10.937452082577055,-18.28091471678911,-6.588831968190754,4.101897930219261
2000-11-30,-12.048409878718035,-17.92154264628298,-6.330346824917274,2.7635855014788957
2000-12-01,-11.786536761053036,-17.16859425206649,-7.65778575259359,1.7877111168278292
2000-12-02,-11.482910858062917,-16.154143898006183,-8.046837613120523,1.9087894746867216
2000-12-03,-10.119434979620745,-17.962076998418745,-7.562539452166671,0.04637948152727067
2000-12-04,-9.338014161724322,-20.042743274765773,-7.755993271493367,-0.7136103996288793
2000-12-05,-10.71929331882262,-18.29754194897441,-7.242722527554112,-0.09854030049100782
2000-12-06,-10.210915293955354,-17.48691248633075,-7.189302823909716,0.8898329522237933
2000-12-07,-9.509140869361579,-16.596146509906568,-6.225008260953341,0.2603609398247756
2000-12-08,-11.351015877265336,-16.61738107908541,-7.001216921992146,-0.2257418949812407
2000-12-09,-11.758250839941706,-17.078912776024627,-6.7381562261832055,1.9471570368037694
2000-12-10,-12.88546379837624,-16.911332679621072,-7.536586949007935,1.724556345973717
2000-12-11,-12.367590608499471,-17.716970965014184,-8.250196620434934,2.134768407392012
2000-12-12,-12.017412680708924,-15.964911506114895,-7.60805555450899,1.9412104585427519
2000-12-13,-12.68514952766894,-15.620272740809101,-6.806867163129189,1.2188840452200131
2000-12-14,-14.720225810122775,-15.182923426817318,-8.249792220567013,0.38595349618338737
2000-12-15,-14.61997951958903,-14.168836759069954,-9.512763746151252,2.2539001860241714
2000-12-16,-15.707426560165311,-14.76356110329576,-8.989603449418356,2.9066228887617402
2000-12-17,-14.528028196328556,-15.417311234332749,-8.955108648998147,4.375525236933624
2000-12-18,-15.006714808498973,-15.910252044932628,-7.589780119239616,4.061276483304121
2000-12-19,-14.894109527241628,-17.98803926247991,-8.269442012061315,4.493871828135859
2000-12-20,-16.51882571128397,-18.72508462890839,-7.804431897409575,3.6343894208095255
2000-12-21,-16.010764606952478,-16.95065140533025,-8.23679307868301,4.488896590026289
2000-12-22,-14.719711091361841,-17.40582148383675,-9.106837897836039,3.9123440875040796
2000-12-23,-14.918186324152037,-16.997821011987835,-8.880452466922026,2.706447424313554
2000-12-24,-15.103339196509703,-16.963394313172355,-10.211091585958947,3.3451326426843018
2000-12-25,-14.911360743086217,-15.749418319315541,-10.44637150225075,1.0330237095958021
2000-12-26,-14.187998002004138,-17.597011925935874,-9.522187776803925,2.1381898791364353
2000-12-27,-13.686094417871834,-18.312253701566352,-8.281054220372397,2.837388653438474
2000-12-28,-13.14741221320102,-18.352820049362155,-8.40834890245549,2.8202698413774345
2000-12-29,-13.72582104121976,-18.612195041063618,-7.841401429694751,2.9741597673291933
2000-12-30,-13.323859862616583,-19.3310416672025,-9.012278954259223,5.021347812206705
2000-12-31,-12.714331838202348,-19.7701111530812,-7.201032641081078,3.7965195459437915
2001-01-01,-14.51163790864321,-18.602828182347885,-7.006474683346056,4.526996302178125
2001-01-02,-14.910952267526863,-18.502464880196623,-7.263997188741282,2.681696830755257
2001-01-03,-16.268551706622123,-19.74654576147835,-5.2924209935972435,2.6368369709000787
2001-01-04,-15.669418132697023,-20.255936784682756,-4.339369186877198,2.0120302456351844
2001-01-05,-14.781806634980256,-21.064874463436677,-4.565457071104299,1.3669026630599936
2001-01-06,-14.192559819656356,-20.670991242265895,-4.569517013399919,0.5574288011051209
2001-01-07,-13.802819595384573,-20.800333654921346,-4.851481956777282,0.8789049121555826
2001-01-08,-13.370742313423017,-21.560263932019986,-5.799800827098205,3.0867601602935997
2001-01-09,-11.938840927229307,-21.23532928353569,-4.639804505402567,4.156053897571409
2001-01-10,-12.521993922360004,-21.380961994379337,-4.1073539786011946,3.489897589954491
2001-01-11,-10.530561122939961,-22.56306114155471,-2.376379989664736,5.504230750885883
2001-01-12,-10.991523783613914,-21.148031280349322,-2.4404767064670323,5.606402126890414
2001-01-13,-10.755464521252044,-20.665970755013156,-2.1163538632733356,5.598550788104409
2001-01-14,-10.406469503055893,-20.617397104419528,-1.3179004264934342,4.02709691385721
2001-01-15,-9.77302526401484,-20.791067435037313,-0.9982194087744538,4.690439388269681
2001-01-16,-10.243091098106648,-20.630379675617743,-2.471057730362082,3.928928525868228
2001-01-17,-12.040964407687904,-20.331581661187247,-2.5570781087680485,4.900734977702125
2001-01-18,-10.926957868148287,-20.801476691720485,-2.270036540198078,4.745173526591854
2001-01-19,-10.391980310243152,-20.372455935973697,-2.945174485002678,6.860490698925019
2001-01-20,-9.829416964295879,-20.83268118314429,-4.148690023514347,5.810457643622319
2001-01-21,-7.05368027191557,-20.20166838775482,-5.159507604896464,6.234076821378612
2001-01-22,-6.366222929991202,-22.162694166034466,-4.420800549967683,5.259737489567322
2001-01-23,-5.672343216844436,-21.912953197115225,-4.135670621865733,4.312839100778441
2001-01-24,-4.806791757485395,-22.370187494340023,-3.5291950392979854,4.130031260998033
2001-01-25,-6.106249100538781,-22.175429607710804,-2.9371975204297893,3.8413446633767556
2001-01-26,-7.072821420241631,-22.138675932353923,-3.1164912971746284,5.008594542633921
2001-01-27,-6.979332708184153,-23.794611669236804,-3.3818189367231124,5.226398507706778
2001-01-28,-7.858218498661557,-22.12425717363329,-3.7160138571336363,4.316482748710996
2001-01-29,-8.438095060943063,-21.828547268375072,-1.9723975949462604,5.543286874654535
2001-01-30,-8.838438173965017,-22.053976401101956,-2.102339191212823,4.931052670681154
2001-01-31,-7.559343329869314,-22.467830066150828,-2.217743301841258,4.83082431523793
2001-02-01,-8.109827189532574,-22.741956159576844,-1.8673830355766687,5.772599588311065
2001-02-02,-8.391753132085004,-24.621687438999263,-1.37923757830142,4.182074547807693
2001-02-03,-8.918307289664586,-24.560890030696644,0.17865913619134965,4.847920173346943
2001-02-04,-11.118350927799876,-24.580002000383217,-0.7274550840818422,4.216513553751851
2001-02-05,-11.44216131193094,-24.14060280647478,-1.3526288185428563,4.000672463757246
2001-02-06,-11.111730688257675,-25.706740573400687,-1.711379052498292,4.668556085953296
2001-02-07,-11.085944227690275,-23.670857148936065,0.7451601316806569,4.792122702408895
2001-02-08,-11.004245614281709,-23.20115587108508,0.8827218922532134,2.479854633633617
2001-02-09,-12.776624003989014,-22.961384548544732,0.6249744426417103,3.333095983276645
2001-02-10,-11.966562963083167,-24.036593606379295,0.5419130765925851,3.4170956623222577
2001-02-11,-11.807736589926826,-25.76987441548181,0.6553734977232848,1.1430370322167023
2001-02-12,-13.086310200855193,-24.559440313698584,1.4150091417633648,0.5584970400390051
2001-02-13,-13.092603553903048,-24.335527518710656,-0.33555889433266683,0.16643318398100954
2001-02-14,-13.901985401554313,-24.669049407378672,-0.11782744873778367,-0.9323113329007915
2001-02-15,-12.94610200486158,-25.20230485077673,-0.48561652342653255,-2.604099343748489
2001-02-16,-12.975881312245749,-25.054095924130195,-2.4332202610591436,-3.619246518863603
2001-02-17,-13.396837846995455,-24.991933951751303,-0.5098335602515223,-2.707543601940416
2001-02-18,-14.295376086214704,-25.429199746489157,0.5718320414392319,-3.5529361770444896
2001-02-19,-14.278166315230706,-25.00047747180074,0.3009154185345635,-2.2271862095678925
2001-02-20,-14.392593418497004,-25.50783657022745,0.08258697410124177,-2.743109960404197
2001-02-21,-14.02889637469592,-26.207642685955335,-0.35370551961278973,-0.4799884686906033
2001-02-22,-14.204952723394637,-25.263246578293224,-1.0434883157869546,-0.1713848245135906
2001-02-23,-14.453442415275752,-25.85122516650448,-2.3302853701288604,-1.6959935876176364
2001-02-24,-13.143270397528456,-26.04098158527225,-2.330705021578793,-1.3625248959860436
2001-02-25,-12.384789712821572,-26.731922769488484,-4.203681418137899,-2.3734567907827637
2001-02-26,-11.405604584874068,-26.452642803541185,-3.901820683903347,-2.376271203998158
2001-02-27,-11.713294675858528,-25.603321161362345,-5.328800842134012,-0.7149097622420586
2001-02-28,-11.583542988058992,-25.95211338062543,-6.52969584297954,-0.4674052337878086
2001-03-01,-10.994888673133516,-25.914868700644114,-5.5309812503330384,-0.42671696305932116
2001-03-02,-11.529278161142756,-27.002633137229,-5.805915908892495,-0.42903620416210053
2001-03-03,-11.884384046911757,-27.454928108427186,-4.7545341818192774,-0.24957489152898127
2001-03-04,-13.207813316503612,-28.95427686137801,-3.893244486769365,0.33852403007772147
2001-03-05,-13.558748012376434,-29.745345421357673,-5.16582593387556,0.2943454610574569
2001-03-06,-13.577528458785913,-30.119887057667988,-5.336008281667468,-1.3134181651948351
2001-03-07,-14.460748528820574,-29.60431219024016,-3.9204446129370973,-1.3823277804706628
2001-03-08,-14.353419195671053,-28.999629324968613,-4.815430628398874,-2.5676405858108744
2001-03-09,-15.273654981901036,-28.844495759143683,-4.764228556014037,-2.3635798558277474
2001-03-10,-14.857885856284279,-28.26467636655382,-5.052891810095021,-2.1071087041281023
2001-03-11,-14.805545980496776,-27.319318457153216,-6.487901174863818,-1.6231686444417974
2001-03-12,-15.778462396990063,-27.85391102356694,-6.236570382593201,-1.0726237797714595
2001-03-13,-17.898189610023152,-27.00285909904943,-4.770330355377467,-1.1824871604751042
2001-03-14,-14.977771856742688,-26.723545730673404,-5.047112538550815,0.651123110634241
2001-03-15,-14.51693880845364,-28.372514864570974,-5.504523998910458,1.363416936539093
2001-03-16,-14.807939615276004,-27.687462047109758,-4.267992387225929,0.1316324915384801
2001-03-17,-13.740463796544919,-27.67672574941591,-3.5476993580281286,-0.8890159103261015
2001-03-18,-13.053497648360752,-27.992463711455674,-3.437955173415548,-2.007358276215597
2001-03-19,-11.99797911198663,-27.41387400277409,-2.773999061121078,-1.7661905366503914
2001-03-20,-12.145486423335004,-27.20547600203376,-2.4152429134248385,-1.1285831529097305
2001-03-21,-13.9185701299012,-27.039148331183952,-3.0438455611914152,1.3048383902084897
2001-03-22,-13.924757338197564,-26.801036059952597,-3.4172615229414642,1.7599701734305646
2001-03-23,-13.913029625325299,-27.514835886342823,-3.7268206078969315,1.4885972173233932
2001-03-24,-13.109391605928643,-25.94957117660677,-4.484513026826005,2.6361416538047004
2001-03-25,-13.843239643646662,-26.371208892760965,-3.743307705492014,2.3964287875654557
2001-03-26,-12.25918524578004,-27.39061964811796,-2.495528367560974,2.474753723934864
2001-03-27,-13.86143169597271,-27.644786348771575,-3.4234383092814684,-0.25386273580910856
2001-03-28,-12.889223368056456,-28.24654465966601,-2.9430788769293157,0.4008715827800311
2001-03-29,-11.754451496695838,-29.61228995410036,-3.6317733002962376,0.8113218504218384
2001-03-30,-12.019331066328565,-29.880499865334517,-3.561269694633256,0.469994574939917
2001-03-31,-12.655992233306774,-31.225834288495356,-4.199699075972277,-0.407829068338979
2001-04-01,-13.887047280834523,-32.013927129162575,-3.5679909405790187,-0.09935538616141915
2001-04-02,-13.280712833303033,-30.44708303479099,-4.095644132917094,-1.7068531703692023
2001-04-03,-13.361118079185868,-31.742091313955903,-3.58631080579304,-1.6141996925114335
2001-04-04,-12.86665174571137,-31.97623726740624,-2.12331915974889,-2.1986153532282082
2001-04-05,-12.862882661035583,-31.7687502213494,-0.7720836245647975,-0.41534540863330904
2001-04-06,-12.690901004991924,-33.40431201197661,-0.8652031663272151,-0.9486406524138217
2001-04-07,-14.206903276052824,-31.76210309388318,-0.7883140341751025,-2.004522642018409
2001-04-08,-15.491478584470936,-31.527176432792924,-1.898344145383273,-4.13683450408185
2001-04-09,-14.950057844872704,-31.058397037784086,-0.7552371503692532,-3.1131408298902605
2001-04-10,-14.773095574113182,-32.33940706099084,-0.12025838504127218,-4.125812849298886
2001-04-11,-15.270846521994455,-32.00458001976978,0.5946963124483542,-2.8546008276694583
2001-04-12,-13.744317147956078,-34.177783651717874,-0.12031952635537568,-3.8024673298974183
2001-04-13,-12.81415896526386,-34.23629382947466,-0.843880038724874,-4.486092713763407
2001-04-14,-11.589676861186813,-33.199430055483575,-1.9093951241666907,-3.940057973401394
2001-04-15,-11.022561578089324,-32.979974446686896,-1.7757432691711266,-3.9387406957780686
2001-04-16,-11.464128692142083,-33.86347684340154,-0.4796664032382534,-4.225067419034255
2001-04-17,-10.986091035872862,-33.853698417215675,-0.8310290877425792,-4.888552294902324
2001-04-18,-11.322632376224202,-34.347264846262554,-2.720754396772955,-4.035653860087852
2001-04-19,-13.727053369704166,-32.82985201076656,-4.084214210052469,-4.610520391392459
2001-04-20,-13.319975790208984,-33.70373706021196,-5.0610326194018835,-4.740793221075954
2001-04-21,-13.269288148041884,-33.66591619724037,-4.871124658067044,-3.629892667893852
2001-04-22,-13.970142848598465,-34.336048502154505,-4.248522164094465,-3.211352622060548
2001-04-23,-13.273616710014366,-34.29532782822131,-5.022627330457095,-3.3315691050816985
2001-04-24,-13.819296099773615,-33.60505116529092,-5.882576202305391,-3.069384781138953
2001-04-25,-13.04893825404405,-34.51723521582765,-5.4692491958739184,-3.2770450002101406
2001-04-26,-13.881864000053223,-34.88934741346158,-7.043100859377912,-3.704372665395045
2001-04-27,-12.954312872206128,-34.44255989954649,-6.508228409015769,-3.5890378673336927
2001-04-28,-15.34152038085034,-33.77581844154689,-6.695108111639584,-3.571867109106422
2001-04-29,-15.778928418862243,-35.26715326515166,-7.856196371018149,-3.0818388508924466
2001-04-30,-15.614298621368734,-35.70244997383039,-10.440804206130194,-2.15831026092104
2001-05-01,-14.85445659236683,-35.13597331611899,-11.181170783208481,-3.3344378849087777
2001-05-02,-14.64099866267519,-36.155666591003396,-12.533354522979554,-2.517705762839629
2001-05-03,-15.348270891662613,-34.68338434360148,-11.451054502051932,-3.220321196935525
2001-05-04,-15.477283622568807,-35.08792107955873,-11.186918799498795,-2.8895233811668564
2001-05-05,-14.495599574824952,-34.06273229346965,-10.871676222882364,-3.3921839231858124
2001-05-06,-15.271124323701583,-34.446544700853785,-11.346564182279991,-2.498109288112688
2001-05-07,-17.200090811782477,-34.70490667109827,-12.035843614479985,-4.097995382926175
2001-05-08,-16.267780047376387,-34.2818182495748,-12.21189975882185,-5.561766715012324
2001-05-09,-14.908900535749469,-34.89671523870455,-11.645716061457849,-5.683155525399556
2001-05-10,-16.038752045226797,-34.60414976006344,-9.758831048204396,-4.561721541992737
2001-05-11,-14.854144150655765,-34.80296683456446,-9.246528434360192,-4.8186349127994985
2001-05-12,-14.488574974615155,-33.43332587931879,-9.439671488021592,-4.9178806673646065
2001-05-13,-15.848211138964805,-32.13926723155728,-10.090123495227498,-5.833401661362611
2001-05-14,-15.22386936852436,-33.555962799412285,-11.999381657339166,-6.701474444067591
2001-05-15,-15.177039298795767,-35.76033384404234,-11.174167638643295,-7.70523846869514
2001-05-16,-14.902575250089468,-37.29989334351067,-11.414071454419508,-6.633361748956654
2001-05-17,-15.36812620961465,-37.46414964934442,-11.648193122134458,-5.034841661189352
2001-05-18,-14.650039637477285,-37.58627477080061,-11.871643175188288,-5.154145882405827
2001-05-19,-15.811788075012876,-37.108059802416385,-13.243503986288546,-7.471354509802375
2001-05-20,-14.204783660676647,-37.18429965585036,-13.195608560623127,-9.15006039191063
2001-05-21,-14.707901210528076,-37.5979856623945,-14.320147858138688,-8.645721215944178
2001-05-22,-14.766331861725416,-36.570621642770256,-14.693677450796228,-8.58521212306788
2001-05-23,-14.494764796611062,-37.465863365285,-15.642561512599263,-7.432270078412641
2001-05-24,-15.746097118394816,-39.16709316332287,-15.38812319127793,-7.946604422745773
2001-05-25,-14.362295237143858,-40.691419168139255,-15.98018597036845,-9.682572413386493
2001-05-26,-14.528282781127267,-39.44412373830785,-16.731575392664972,-8.213038211566754
2001-05-27,-14.851869071487728,-38.99196435529442,-16.91322687890495,-8.358539682396875
2001-05-28,-14.352967502631554,-37.588235107301855,-16.520733966392722,-8.724604097831827
2001-05-29,-14.608753931691748,-37.50971710784471,-16.87556396152557,-9.335820508507727
2001-05-30,-13.864099189169167,-37.444748825252944,-17.258239517431697,-8.388997812062224
2001-05-31,-13.552309102836402,-38.27206489227981,-18.87838831870135,-8.999887959350335
2001-06-01,-12.662437436443847,-37.77874508487043,-19.518273563149716,-8.968156019694415
2001-06-02,-12.652412931249529,-39.61046303618179,-18.699407907610787,-8.48857472702146
2001-06-03,-11.383005689081497,-38.424038595330316,-20.475805341123333,-8.403110551713127
2001-06-04,-12.13441570334109,-37.975069206744294,-20.17482462449722,-8.441048058061092
2001-06-05,-12.761266279390979,-37.9468088329206,-21.264254599137733,-7.349963813836091
2001-06-06,-13.399923300625836,-36.93203851253689,-19.90084378316197,-8.646002264020025
2001-06-07,-12.95303686106973,-37.040501131145206,-19.3675144824213,-8.44906061864778
2001-06-08,-11.788435272789552,-35.20814650110099,-19.109072089380774,-7.809801124707132
2001-06-09,-13.713191969092474,-34.09352241269259,-18.784467726094142,-5.858702119083402
2001-06-10,-13.212706918168314,-34.37670308153158,-19.42796689311991,-4.923172875834727
2001-06-11,-12.9809266157302,-34.72425085618099,-19.787956426838395,-5.489004598871277
2001-06-12,-12.508853585837834,-34.057546274292086,-17.322827762137536,-5.52083438810924
2001-06-13,-12.670901881448192,-33.78356886472453,-16.340353525108668,-5.081064279436364
2001-06-14,-11.835248214706423,-34.90082680364576,-17.96198548900971,-7.638873271040151
2001-06-15,-10.44002304655005,-35.75322608858917,-18.050485774280965,-6.303244336991849
2001-06-16,-9.367840080523635,-35.20344749228793,-15.867019724235636,-7.285320270870808
2001-06-17,-8.635063494504124,-35.52899659349378,-16.889137341166087,-6.540065453959354
2001-06-18,-7.061958371819166,-35.22935423600723,-16.540035328989564,-5.833352239044535
2001-06-19,-5.939253406663822,-33.24751537859861,-17.431472538182195,-6.026752539083797
2001-06-20,-4.663280997254089,-33.012504705186096,-17.01264685073951,-7.57358667938866
2001-06-21,-6.073231903342392,-33.379781450628684,-18.018491735914676,-8.342830601046488
2001-06-22,-7.257189533000505,-33.462068712060514,-18.843985178017224,-7.614070223882785
2001-06-23,-9.817256041285615,-32.438882718899535,-17.68097156016742,-7.2533771448816635
2001-06-24,-9.715382365212834,-32.967592409823354,-17.938872558117602,-7.123178004748029
2001-06-25,-8.709479579742425,-32.151736630646184,-17.73674172646453,-7.974911147538173
2001-06-26,-8.987370665956915,-32.148960433091396,-17.580253127060885,-7.938527755826349
2001-06-27,-9.22601661297824,-31.723813417667017,-17.94823327006207,-7.805209558192153
2001-06-28,-9.763268975610083,-30.371942564653562,-15.914499781961435,-8.021434685361825
2001-06-29,-9.213723068767502,-31.32576911914547,-15.358607474674365,-5.80097404076853
2001-06-30,-7.876672360359951,-30.492092998433368,-12.795944888696944,-5.56356831601044
2001-07-01,-8.483636198910492,-29.645095137352083,-11.588242505023622,-4.819531069879563
2001-07-02,-8.74706306982288,-29.135424259761496,-11.523315476760578,-4.065194217917528
2001-07-03,-7.424223694735279,-27.08729117217861,-13.1168600655334,-3.8355037639576137
2001-07-04,-6.555769176385131,-28.684541931999494,-14.77747944272384,-1.8522076434306314
2001-07-05,-7.410125647123692,-29.714472467771238,-14.331409775272524,-2.7815450204997125
2001-07-06,-7.785586755788265,-30.047754909554236,-14.167461647653514,-2.4363133040680984
2001-07-07,-6.838836120390139,-30.792151578755053,-13.216410627247145,-3.2337682540616903
2001-07-08,-5.609844262284658,-28.741469427444756,-14.479385629169514,-4.379470553157249
2001-07-09,-6.572238135172807,-28.11364848890908,-15.064970673735647,-5.406295976650641
2001-07-10,-5.551791358107662,-29.524040110236534,-16.487227964167253,-4.518603365042919
2001-07-11,-5.719687896068168,-26.594263774481227,-17.875540372394934,-3.8552326454974692
2001-07-12,-6.362603182167723,-26.384235775969806,-18.04378745668627,-3.4998047534782852
2001-07-13,-5.147620945328844,-27.057095971947938,-17.231994789535054,-2.3211277684020755
2001-07-14,-6.86713702565885,-26.370880297166323,-19.252256115179666,-1.185457388104252
2001-07-15,-7.30845209297674,-27.5373527082956,-16.50460272190392,-1.1017782328532697
2001-07-16,-6.143502694818858,-28.168043639094552,-16.310540371555035,-0.09923006221056396
2001-07-17,-6.7853718969932215,-29.923671639727054,-16.13458091522903,-0.2521796354849526
2001-07-18,-6.493628470383495,-31.436872274475988,-15.359419697717763,-1.5317031833587738
2001-07-19,-6.004583633266618,-31.855683218906485,-16.469283488040496,-2.8447717603102385
2001-07-20,-7.7660828187868525,-31.903343133968505,-14.768379744263296,-3.241410673954273
2001-07-21,-7.036090797090525,-31.931312742119488,-14.357909416371573,-4.746171862318767
2001-07-22,-8.502498183499293,-33.46506067888153,-14.510052630262475,-5.610316521096788
2001-07-23,-9.331026282984185,-31.74561317861388,-15.388211838853952,-7.106870619959797
2001-07-24,-10.726965609677498,-31.56584248855325,-15.662771684550512,-7.895005757951002
2001-07-25,-11.233502788054397,-29.09381565019942,-17.0982744850913,-9.229143101438495
2001-07-26,-11.601144416615327,-29.800542729932324,-16.396370453082284,-8.80278040375883
2001-07-27,-9.832905471143972,-29.075197660845685,-15.220507483374135,-7.72684696454478
2001-07-28,-9.202781098086328,-28.16145642436866,-15.438555230624251,-7.23364696108386
2001-07-29,-10.239609618242273,-28.827936004786533,-14.619447792966083,-6.5971236162216815
2001-07-30,-10.503244633320827,-28.789998413287726,-14.178172236559835,-5.64570312085557
2001-07-31,-10.204274016338067,-28.70528583793479,-14.94024582079072,-6.601481395624726
2001-08-01,-9.64225708537774,-27.98985774527644,-14.987795907619123,-4.868762831033415
2001-08-02,-9.578926183429214,-28.559419931062543,-14.128885885240058,-6.15499637977214
2001-08-03,-8.496691009534036,-28.400753445771286,-13.842392045356,-6.38034388527033
2001-08-04,-8.086603523740955,-29.818617429534726,-13.979350763855113,-6.492974513752412
2001-08-05,-8.290260727243624,-30.852723662092085,-12.881691605019075,-7.81120721664411
2001-08-06,-7.1891627492772265,-32.02932778671875,-12.620824804034905,-7.263425072378877
2001-08-07,-6.870522620872548,-31.168691488901736,-11.911900443917556,-7.921490515140444
2001-08-08,-7.50861291687811,-31.346350272906076,-12.017137912543777,-7.5168190728847835
2001-08-09,-7.27774064348093,-30.315471914514852,-12.480734005310952,-6.849819977758186
2001-08-10,-7.150822131700295,-29.995270039787194,-13.631302068419208,-8.148984553382073
2001-08-11,-7.011524094965288,-30.68254593143401,-14.00457985802775,-9.025239256297988
2001-08-12,-5.863786945564271,-29.8817712143338,-13.500657939817778,-7.169565910520095
2001-08-13,-5.354730878914289,-31.44883734739896,-14.58736767228868,-7.3174043916217055
2001-08-14,-6.11470658153111,-30.745669889745162,-15.219263597920953,-7.697099596281809
2001-08-15,-6.412583507566224,-29.94768710374096,-16.083457903592038,-5.404844496611828
2001-08-16,-6.31464518129526,-29.85721144627151,-16.151239061199583,-7.041766348458834
2001-08-17,-6.584067247878261,-29.10394593788766,-17.449256314531628,-6.765196611139363
2001-08-18,-8.190703858723023,-28.637804569325034,-17.34756509911827,-7.237679192558678
2001-08-19,-6.184755924432693,-29.377589325453435,-17.828374306378326,-7.245846572580874
2001-08-20,-7.934566017483187,-27.713706171754804,-18.284623391081336,-7.486570377057124
2001-08-21,-8.722965906054853,-27.029939583551755,-18.09264927293579,-6.636723493150366
2001-08-22,-10.492740954959327,-26.487915949283884,-18.425539729440494,-4.571510689436337
2001-08-23,-10.442255213937392,-25.789347418999835,-20.293288052717703,-4.853849978865299
2001-08-24,-10.335400210312633,-26.111672316774015,-19.753349912859047,-4.528261234108052
2001-08-25,-11.06278724635903,-26.960522091693075,-18.290280145648794,-4.397604079983785
2001-08-26,-12.104003504240652,-28.582345531232676,-18.77179130914839,-5.05624261734086
2001-08-27,-12.866887468391683,-26.830537003063586,-18.96906300159865,-4.142870227763121
2001-08-28,-12.135504862755049,-28.60283610497951,-18.37838408068359,-3.0739044561599247
2001-08-29,-12.275001362036544,-27.89613861718139,-18.88639687996518,-3.3532835203761255
2001-08-30,-13.335415850443628,-27.646278783661465,-19.86602800622729,-4.346396550709649
2001-08-31,-14.606138351193145,-30.147951593006255,-20.021868484290714,-6.330015676336619
2001-09-01,-13.84766544646338,-31.72850523050453,-19.5813264511405,-5.956737142319538
2001-09-02,-12.76212552659375,-31.334026688354307,-19.1294688207553,-5.212526935663547
2001-09-03,-11.640817386128075,-31.097023844115903,-20.00048145578303,-6.824316184068204
2001-09-04,-11.35290250653621,-31.672166569140927,-20.827986375121473,-7.748038301059417
2001-09-05,-11.472267619529477,-33.30512227806908,-22.390002045934732,-6.981831269362756
2001-09-06,-11.704963872644715,-31.741958138136095,-22.756845632408165,-6.862438965698655
2001-09-07,-11.30797594484189,-31.192250365841222,-22.572874015894293,-7.892003967339107
2001-09-08,-11.366089740155203,-28.868470047024342,-22.84654081651453,-6.959057544669181
2001-09-09,-11.902557970923752,-28.898164410064172,-22.706650654956654,-4.733580911205842
2001-09-10,-12.072222976102461,-29.242676484224774,-22.254581762561713,-6.119735961929391
2001-09-11,-11.128516863475358,-29.737742349209277,-23.320717046971797,-5.901070772845442
2001-09-12,-10.444696080284336,-29.977661918618015,-22.522120379678167,-5.465358040455082
2001-09-13,-10.160698364364395,-29.260846003368297,-23.365671802644655,-5.1593057476358055
2001-09-14,-9.88156942784226,-29.460808042089525,-23.589286092080286,-4.177883622832262
2001-09-15,-10.660287139638665,-28.563861360292933,-24.79261959953747,-3.4450130201752245
2001-09-16,-12.840054393894931,-27.22525414286863,-23.506579414138514,-3.6949278142555
2001-09-17,-12.58836909746094,-27.945446470514074,-22.571914551071693,-3.1435526435055623
2001-09-18,-11.924435334067603,-28.92549034023099,-23.314901043556635,-3.9197233243441505
2001-09-19,-10.316498757899149,-28.889796475385843,-23.769823537714263,-3.470563618558364
2001-09-20,-9.411938439688186,-29.009760505081463,-24.647976623281888,-3.79106938829901
2001-09-21,-8.094578338087258,-31.411223739428358,-24.55104149225322,-4.995013117948109
2001-09-22,-7.671539023076415,-30.569720835454383,-24.32582485304432,-5.04191420901008
2001-09-23,-7.138650823579422,-29.11549915350468,-24.059312691022654,-6.727646695104152
2001-09-24,-8.321624480185001,-29.490025530986973,-24.6601196799082,-8.023496475269875
2001-09-25,-9.253863481812594,-30.39017654951759,-25.78446644474156,-10.047242180369173
2001-09-26,-8.457839216654817,-31.13402352516522,-25.669349235545305,-7.7436237618643915
2001-09-27,-8.960540902799783,-31.12324376990682,-24.99040375622099,-7.799495735068069
2001-09-28,-9.992400523704474,-30.071888907277344,-25.514801445618097,-7.454208719898547
2001-09-29,-9.026935079703517,-31.2154132620769,-26.160777647843236,-9.086829056764936
2001-09-30,-8.72948627189274,-31.686126883460823,-25.4520935940686,-9.42560051117042
2001-10-01,-6.632124410845249,-31.217652787241914,-28.537426658805696,-9.83705218933199
2001-10-02,-5.6457922896027,-30.367589080641466,-28.375527832240508,-13.306400254561881
2001-10-03,-5.871357396747708,-29.56397121867878,-29.110310345480503,-13.177467647076252
2001-10-04,-5.410238043973506,-29.687574515340934,-31.009041414984626,-13.915503600295217
2001-10-05,-4.8326583835152555,-29.967236435740183,-30.306593243277405,-13.878544272699434
2001-10-06,-2.601362929236855,-30.16015426918545,-30.098817078822616,-14.215298824925084
2001-10-07,-2.3417812225122923,-30.721982449737503,-30.142696229511035,-13.906321269143927
2001-10-08,-2.8325726827822075,-29.519693354406034,-29.577948448906305,-13.494727353068052
2001-10-09,-3.537470357857004,-30.868473972624372,-27.461939780309773,-13.254330262726397
2001-10-10,-5.252632400290433,-30.88056350653311,-29.81020269720725,-14.831232419106781
2001-10-11,-5.7194099755760375,-30.51489268424061,-32.314890467816866,-14.531532274219426
2001-10-12,-7.286590645301025,-30.052812819069697,-32.976760092225696,-15.410104372422829
2001-10-13,-7.9451709646397015,-29.228011461543932,-35.00043646872396,-14.449928203521402
2001-10-14,-8.588580630035649,-27.35365028042439,-33.67228809948984,-14.670110089087741
2001-10-15,-7.63001926421083,-27.791910913280944,-32.59872198844824,-15.109630410029165
2001-10-16,-6.632346946433598,-27.05359939403887,-31.587577879514757,-15.43107076942517
2001-10-17,-6.134497054964042,-26.655198236688065,-31.48295232437524,-13.016814712226614
2001-10-18,-7.038525377857679,-28.42987840689065,-31.747177275398023,-14.546235768687508
2001-10-19,-8.522406964623773,-26.521738160232246,-32.609479305699416,-12.309549396715044
2001-10-20,-8.371010399268837,-24.830352915259738,-33.01813169795708,-13.197752113465459
2001-10-21,-7.848885102762139,-25.792590833295563,-32.03164761447637,-13.141099409169474
2001-10-22,-7.25443589426953,-25.267853818662747,-31.670452205162324,-15.69267400818607
2001-10-23,-6.5442594182712615,-23.814178938653058,-29.99428930313379,-14.597160738652601
2001-10-24,-5.644259034309334,-25.31900617489474,-31.103820248090233,-16.056474129178763
2001-10-25,-5.518353472241509,-23.31562397110043,-31.778589937433573,-14.07833850875038
2001-10-26,-6.526357356045656,-22.389714551912647,-31.17211923479928,-14.24434852022999
2001-10-27,-7.5911890054407625,-23.303878706887613,-31.351653954819206,-12.728879853305667
2001-10-28,-7.9290768930964655,-22.996833419804904,-31.060995607496647,-12.964040456296894
2001-10-29,-8.49862756132443,-22.245010737406734,-31.43766887365324,-11.298058535983682
2001-10-30,-9.67593599908729,-22.809669712357554,-31.269620935220594,-11.00133797110809
2001-10-31,-10.559323445765092,-22.110901446579298,-31.977106795558992,-11.41425052701296
2001-11-01,-11.266990924594053,-23.036036786090232,-29.775063931961142,-10.447602046400904
2001-11-02,-10.492174140206984,-23.081491236979495,-28.705792041771392,-9.831397529403212
2001-11-03,-10.90245417702233,-21.984557148046935,-26.78236801951521,-10.752469383584831
2001-11-04,-10.67974484112592,-20.636270869853828,-26.67973593774135,-9.103131706459916
2001-11-05,-9.315989475749504,-21.219113729190177,-24.685361731601287,-8.790048702109168
2001-11-06,-10.04070998483137,-19.328729807755995,-24.431020325653392,-8.377570975450789
2001-11-07,-10.46455772237097,-18.34270582865835,-27.30647392375606,-9.689463522024596
2001-11-08,-12.312526191234728,-18.02853337983678,-28.71986868997061,-10.707030814441307
2001-11-09,-13.80022689707905,-19.061302127979147,-29.2327319001918,-10.710156398017705
2001-11-10,-13.959878336509993,-18.12097342202241,-30.557284144748344,-12.505457363122618
2001-11-11,-13.1889897352847,-17.069832419979562,-33.21064017512371,-11.276459692331054
2001-11-12,-13.049714689097755,-16.987091203642855,-34.08084367054455,-10.407909689229223
2001-11-13,-15.455737657635256,-17.128475990826512,-33.052467807511,-10.452195583200433
2001-11-14,-15.542583731041088,-17.549935968858588,-33.843553932133474,-10.786533755804891
2001-11-15,-14.206307865670448,-16.465887687403793,-32.056200808008995,-10.870024065994274
2001-11-16,-13.309173688760755,-16.689020717313017,-33.82234905863449,-11.290159245752172
2001-11-17,-12.231573962487161,-16.352327777747192,-33.68177284159804,-13.647380233551182
2001-11-18,-11.983207251657403,-16.277057904561214,-33.143413055124505,-11.811532263165882
2001-11-19,-13.00773292734107,-16.967749726264216,-33.39301370983153,-10.711961367027596
2001-11-20,-12.437052278590022,-17.11781213292761,-33.7261696611923,-10.821882796155712
2001-11-21,-11.959605949135026,-16.36397540114027,-33.87690226252815,-9.688986857600684
2001-11-22,-12.35340680602761,-17.937895037760846,-34.185554331275895,-9.691535667748376
2001-11-23,-12.420274082828481,-16.871702776208945,-33.398383212714705,-10.240774762921673
2001-11-24,-10.998891074922215,-16.748616584072618,-34.1361296382367,-9.247460229382593
2001-11-25,-12.61205174859452,-16.262324909129866,-35.64882718474103,-9.8190218343918
2001-11-26,-13.579599281661116,-16.880535502946653,-35.36554618755201,-10.827412410112808
2001-11-27,-17.000768880035746,-18.293974532204572,-35.310302446726205,-11.482152206477371
2001-11-28,-18.654675442991447,-18.88896442327667,-33.91905805518359,-10.578627279624213
2001-11-29,-19.189522361254113,-19.342350321030285,-34.33540342981095,-10.718776453624901
2001-11-30,-18.76181614273697,-19.731992669727934,-34.08041832844068,-10.485336632969478
2001-12-01,-17.46551267011399,-19.969645720261752,-34.21990531157864,-10.217573481251735
2001-12-02,-16.603471443286242,-21.177705355281272,-33.66986023836378,-11.245277895160907
2001-12-03,-15.556702124333846,-21.348958807188325,-34.80408886846524,-11.03147708675884
2001-12-04,-14.114457891141399,-22.31480155068679,-36.044084290046456,-10.82941651741295
2001-12-05,-14.220039064781123,-20.21365997128096,-37.662800413949206,-10.560153322922048
2001-12-06,-14.137580921306856,-19.056247982159896,-37.655188218908755,-10.899342255366038
2001-12-07,-13.556638145582486,-20.37185771532792,-38.05751312423655,-11.644079348478328
2001-12-08,-11.984960045126968,-20.4875994267554,-37.40141159670094,-13.551821285237432
2001-12-09,-13.276555831555264,-21.416462806945344,-39.87606669449764,-13.214427341835284
2001-12-10,-12.932682917056692,-22.442115317630154,-39.33756173090049,-13.839738487074213
2001-12-11,-13.297048073697093,-23.47071712819463,-36.79488134524226,-13.559852885869265
2001-12-12,-13.239565702857202,-23.089271885086315,-37.05316969882515,-14.154354090348694
2001-12-13,-13.377798420284561,-23.65087874348274,-36.945435626166166,-13.263387581427944
2001-12-14,-13.787399479516505,-23.918013301182516,-37.69863599619991,-13.520099004114
2001-12-15,-14.703348241803171,-22.710230880099175,-37.8449212074249,-12.015669691758555
2001-12-16,-14.723731171689563,-22.55961417858275,-38.0337858475814,-9.82269659769058
2001-12-17,-14.490537278578703,-22.169464816850574,-38.153232843988015,-9.975084725519043
2001-12-18,-15.033111466367743,-21.526076708332187,-37.29877947234568,-9.875065180803013
2001-12-19,-15.668447971919898,-22.79078651028157,-36.00549450657857,-8.474160300190528
2001-12-20,-15.828363409507316,-23.161056120518456,-35.78358873373202,-7.841762923480565
2001-12-21,-15.540605107609467,-22.620896315685794,-36.13092770579692,-5.857586646681619
2001-12-22,-14.30682719960662,-23.86514149760457,-35.26246408985486,-4.050102624252471
2001-12-23,-14.812369553833236,-24.889596773883177,-35.1059542291172,-4.774349941467166
2001-12-24,-14.378449346091848,-24.337661248075648,-35.75743866185966,-5.073004220926592
2001-12-25,-13.61368174648225,-24.60457436454157,-36.69242277837216,-4.101484109809603
2001-12-26,-13.124315213995516,-24.08758743949078,-37.11152162126516,-3.6065860150262963
2001-12-27,-14.308350151816752,-23.195510496707236,-37.952577753765105,-3.7771067322640044
2001-12-28,-12.671824640699008,-23.857178589968544,-37.21142267665225,-4.2671597250684625
2001-12-29,-13.424991736601742,-24.18802760962174,-37.57159096366727,-4.301711321628492
2001-12-30,-13.718102804443403,-23.863794589360545,-39.07037670746853,-6.23147335716839
2001-12-31,-15.881900529001454,-23.717051598837095,-40.92729170769309,-6.054852826747263
2002-01-01,-16.286636996233536,-23.592973548851088,-40.46292515509947,-5.836590047556078
2002-01-02,-17.062318093968415,-25.311440826073238,-40.853926215995195,-7.149623650812243
2002-01-03,-16.09943042877772,-23.838819139301982,-39.931534667673475,-6.946747705613444
2002-01-04,-15.279207779122089,-24.9435884776172,-41.15553236193378,-7.360740086772587
2002-01-05,-15.40307056025229,-23.774411765248058,-39.894119967297605,-6.761982013526996
2002-01-06,-14.760296701672992,-24.093828192023867,-40.63632428369945,-7.344377927204313
2002-01-07,-15.281699433983988,-23.504228387681856,-41.63426881567886,-6.51132636649638
2002-01-08,-15.353499566316815,-23.202034582906364,-41.31507989900377,-6.56505032088107
2002-01-09,-15.929396415183458,-22.742372807971513,-42.285461398796194,-6.662405236268857
2002-01-10,-15.691892899067405,-23.126244552470453,-42.70892289714576,-7.156209378230616
2002-01-11,-15.370148661266851,-23.438364425039296,-42.8885311931659,-5.065345096662916
2002-01-12,-13.097704647836515,-23.099145372534117,-44.88232178001099,-4.438111711167424
2002-01-13,-12.539431802255272,-23.37521116785997,-45.04291129640562,-3.641565368713259
2002-01-14,-11.741126628122421,-25.08177986584198,-43.613548293305634,-3.9178577301049806
2002-01-15,-13.110644531345663,-24.58255271370654,-43.52461896302685,-2.049581660631718
2002-01-16,-12.3714818457493,-26.934906009617556,-42.30789472208114,-2.6769664653716934
2002-01-17,-13.39347841824787,-28.11757776166962,-41.73433117231334,-3.753895117036015
2002-01-18,-15.874437124841748,-29.224206209832563,-43.61583198275731,-1.3753451218463484
2002-01-19,-16.088124158544204,-28.444690849914625,-44.09121837254922,-2.322323997903636
2002-01-20,-16.076151038562788,-28.833968517867856,-43.07607655422314,-3.583107580316784
2002-01-21,-16.11463718182208,-28.076523565630524,-43.39163421884592,-3.7478015292758866
2002-01-22,-16.561089257849233,-27.841663003156164,-43.96523974826504,-2.7323309758477166
2002-01-23,-15.8645951553527,-26.615078458416818,-45.67443758539419,-5.134814110973798
2002-01-24,-15.667675863465947,-27.926234198126895,-45.26346770044153,-4.141126516736189
2002-01-25,-16.421035754307,-28.14359599121621,-46.306901165139806,-2.9988030343057095
2002-01-26,-17.49598507211107,-25.94409812435099,-46.64192503175508,-1.0052735971674394
2002-01-27,-18.686610879213454,-26.748361502730273,-47.28498170363539,0.6364775044663624
2002-01-28,-19.797908003054,-25.4761656428256,-46.68205826690288,1.3657098397510996
2002-01-29,-19.921874987220445,-23.758198782617026,-45.74495946608182,0.3962185267869812
2002-01-30,-20.588343786168977,-21.465233343846542,-45.20134354393459,2.855014943319103
2002-01-31,-22.34907588519555,-18.758601417470487,-45.7433562085692,3.8852610008364206
2002-02-01,-21.364397198848803,-18.5829996555216,-44.905937562729775,3.2485315007447033
2002-02-02,-20.067736146485835,-19.31743688939562,-44.82342493575872,2.9370539400955873
2002-02-03,-20.867484576483204,-18.614528452908196,-44.04124915746775,2.316147382758419
2002-02-04,-21.535294356047945,-20.941138979925793,-41.03307076467273,3.312620554237486
2002-02-05,-20.795619411020926,-22.305173770721538,-41.044538531724896,3.149838733202049
2002-02-06,-19.514509701397547,-20.73780292983904,-42.05229850796931,4.138911522166987
2002-02-07,-21.250909248286764,-21.418505169505877,-40.51751314025348,1.2696335887070669
2002-02-08,-21.569038269768956,-22.145876647827148,-40.51946586460724,-0.745920911251523
2002-02-09,-21.431537513784885,-21.10236396377643,-39.03304712375054,-0.2767677795061895
2002-02-10,-22.02817552823169,-19.368893405555024,-38.57953423641226,-0.8470318956620264
2002-02-11,-21.77384518482948,-18.808288379487113,-38.540790367830944,-1.3969406435055522
2002-02-12,-22.194484424412995,-18.174525408666774,-37.0259690463223,-0.8101190314715804
2002-02-13,-24.429016161000188,-18.97928995530475,-36.403144382986035,-0.7131618895452138
2002-02-14,-25.22196013877528,-19.740105224851074,-37.327643273453894,-0.4138419306089693
2002-02-15,-26.516129769672823,-19.543356415062526,-34.92949074378173,-0.8808418986780544
2002-02-16,-26.673429655066887,-18.93808996993989,-34.81303032944618,-0.21253119434665413
2002-02-17,-27.303239485679313,-17.73537860651818,-35.18722760987111,-2.1593515091268163
2002-02-18,-26.614489239736077,-17.832284836977554,-33.83120600123169,-1.6103946045230209
2002-02-19,-26.40492851764251,-17.605060325328143,-34.67807423114367,-3.0123658190039517
2002-02-20,-27.32971455355295,-18.832248721950595,-34.67882506007333,-4.371438299914377
2002-02-21,-27.87069750129322,-19.842071624802482,-33.61303579602005,-4.49033218084857
2002-02-22,-29.606589319350118,-20.65180327472214,-35.126007521620274,-4.238188490760426
2002-02-23,-28.08622502206568,-19.756180094565345,-36.26259195332032,-5.204758868349886
2002-02-24,-27.345894902742828,-19.299918765499992,-37.080687574601136,-6.844126954363208
2002-02-25,-28.283037298151083,-17.955371755611726,-38.058295259989016,-6.897619088139003
2002-02-26,-27.139532129749828,-17.68312486310222,-38.08190230433218,-7.738535490017693
2002-02-27,-27.616103851225887,-17.374764389535304,-39.65768532278349,-7.201983275743075
2002-02-28,-27.15874297981463,-17.037057005728098,-39.892217997004394,-6.123259940526011
2002-03-01,-26.84749832489036,-17.448615838495417,-40.40786416753287,-6.392976670330191
2002-03-02,-26.07639235377306,-17.372943537986085,-41.26300795369979,-5.935357855697998
2002-03-03,-25.631019335340937,-18.020674737627072,-40.51304944209128,-6.173770977026967
2002-03-04,-24.222551670683238,-18.596206071470608,-40.415524302774706,-5.51471074022878
2002-03-05,-23.485116248377825,-18.96043709574597,-42.48950151227375,-3.7350965167528427
2002-03-06,-23.221491628082394,-17.62270166425682,-41.03344773120505,-5.934758437822827
2002-03-07,-24.85998163163382,-17.796302170727635,-41.32257075564613,-7.223467057628907
2002-03-08,-23.756159162065288,-16.43568960186997,-40.798963268103,-8.37389290360998
2002-03-09,-24.13176724226684,-15.964970573032085,-42.74690902384372,-7.872338240421229
2002-03-10,-25.35573471947113,-15.554627815148862,-43.785233733529054,-8.062461931350597
2002-03-11,-27.848855380957314,-15.708199452038468,-44.86455565535588,-7.39902777666421
2002-03-12,-27.77675121660837,-15.504532329056909,-45.20948498472852,-7.007490144743901
2002-03-13,-28.07431879269555,-16.62879992040746,-46.68960808797413,-8.400430602998092
2002-03-14,-27.29147625969841,-15.05418458843311,-45.76335409508929,-7.736927358154099
2002-03-15,-26.41238230686639,-15.675542361480808,-46.923922036236114,-7.7426501401373224
2002-03-16,-25.367319830290366,-15.804238992422954,-46.56271395876156,-7.787209785935188
2002-03-17,-25.902423422882183,-15.638844143268441,-46.75293374060815,-8.695112671592696
2002-03-18,-26.426025411420774,-15.267281301549625,-46.41588668748614,-9.07912128814252
2002-03-19,-26.241260706995302,-16.76010858842059,-47.61065795751156,-9.767617841848566
2002-03-20,-24.871656244890268,-17.418764102636885,-48.18951322625658,-8.103811179481538
2002-03-21,-26.048271547772796,-18.121923520996226,-48.09755232820623,-9.638023786350951
2002-03-22,-26.138102494172035,-17.669316035673273,-48.336833689346534,-10.130919660934596
2002-03-23,-25.09455631036005,-18.184919734433674,-49.016312309700815,-10.265242164086153
2002-03-24,-26.766892724321714,-17.94776296788118,-49.0304682303728,-8.228946221429897
2002-03-25,-26.795494861161746,-16.984943749080482,-49.5326388787868,-7.8495834211861
2002-03-26,-27.086039913283265,-18.275287764826583,-51.536960764136786,-9.507980664690667
2002-03-27,-28.4650727304001,-17.95451818600635,-51.59947467601485,-8.959541992984194
2002-03-28,-30.079873955237534,-19.63636398061249,-51.878081319007705,-10.553885427178397
2002-03-29,-29.856218926642747,-20.339949678715257,-52.700998738966625,-10.101568586619774
2002-03-30,-29.383644039387132,-21.017912177185853,-54.149781630832,-9.586537066968303
2002-03-31,-31.49931878170069,-20.166299385955014,-54.077021497804346,-8.36060039935305
2002-04-01,-31.87086219579137,-20.24314459264824,-53.72791548260914,-8.727006914177823
2002-04-02,-31.303465414192218,-19.04327352196934,-55.88216554155679,-8.488892981684817
2002-04-03,-29.836534072117285,-19.24813432490306,-56.16418124551242,-8.165325566200131
2002-04-04,-27.234472998686726,-20.64790923313992,-56.75296077061442,-10.043725769827228
2002-04-05,-27.960570818456514,-19.427504207000688,-55.41236327700349,-8.603182111088397
2002-04-06,-26.792766870861907,-21.3235898513452,-54.46921005924084,-7.551885355653318
2002-04-07,-27.18497219450328,-22.361207357606528,-52.46248642155077,-8.789042787868508
2002-04-08,-26.745394143695794,-23.099356704368915,-51.28699965989293,-8.65279562576404
2002-04-09,-27.370832226048954,-22.544447325203656,-52.72645538575444,-7.450876320881714
2002-04-10,-28.330396662009314,-21.11503764960236,-52.57130523052006,-6.584352311748274
2002-04-11,-27.673053161906534,-18.65102283065675,-51.6937864711458,-6.024802080325908
2002-04-12,-26.775372704601228,-17.660850298295646,-52.43693829052666,-6.697005872098984
2002-04-13,-26.98237768420898,-19.13701570276897,-52.469560657177105,-6.572722422234605
2002-04-14,-26.810089001847572,-20.30648070609432,-50.80739552724747,-4.00809195449027
2002-04-15,-27.67019483402401,-18.860001862347467,-49.03994631743154,-4.842677773631114
2002-04-16,-27.880533939011627,-20.082657471139843,-47.66461370418304,-5.473381315229436
2002-04-17,-27.49668787388573,-20.93382135999485,-49.22262208600317,-5.6528836028638985
2002-04-18,-28.26104229591605,-21.681095034617915,-49.696468979983024,-5.929936527603546
2002-04-19,-27.874334509229442,-20.687688700795995,-50.02255416078004,-5.249166392391666
2002-04-20,-27.278561007102407,-19.597816963871438,-49.50562156161359,-5.6021430417293
2002-04-21,-26.75063953777586,-19.90510445980242,-50.03907375948561,-6.273365933334959
2002-04-22,-26.621440583367843,-20.201111085644868,-50.46015641940266,-5.606377354850622
2002-04-23,-25.117655370818074,-21.976547988170612,-50.11772933165706,-4.04102840504982
2002-04-24,-25.788281898453928,-21.350983904425114,-48.29340420290949,-5.028659886671003
2002-04-25,-25.455469469973387,-22.213299005040977,-47.66210791716033,-4.767790577851382
2002-04-26,-24.95740655342626,-21.823006105972027,-48.04756669499671,-5.475626458077204
2002-04-27,-26.738021846828502,-21.383307635401284,-46.49385847500318,-5.155439359157863
2002-04-28,-26.886028838583716,-21.212156730529056,-46.33550037342952,-5.764310574567187
2002-04-29,-26.658458149209988,-20.17562799572477,-47.316539597792236,-4.688473702256221
2002-04-30,-25.47619205844575,-17.734017893788263,-46.85667340245618,-4.397748497041098
2002-05-01,-24.835808267829766,-17.96047393668816,-48.99616353813123,-5.085954063485403
2002-05-02,-25.249083531937462,-18.43684355330838,-50.90864200129155,-3.7737499904307334
2002-05-03,-26.07261889019751,-17.558377953767973,-51.107750885770855,-4.352959780257285
2002-05-04,-28.602635795745815,-17.879789921159784,-51.88083595186913,-4.978293447821859
2002-05-05,-28.35503981960638,-16.74242336301216,-50.99570125926016,-5.93595797686205
2002-05-06,-25.923640632793177,-16.42088043288839,-52.2862040150749,-4.558018669015421
2002-05-07,-25.3207181916509,-15.314645670102015,-51.619197750614106,-4.682813531983135
2002-05-08,-23.176897420414058,-13.91612034708656,-53.70843026629551,-4.725127497966104
2002-05-09,-23.637378284905495,-13.248112542044952,-52.64938718578577,-5.196505513297599
2002-05-10,-24.6067403064396,-12.916075868918877,-52.198251940764095,-7.050370313796196
2002-05-11,-24.323888891899756,-10.666279855521566,-53.240255801085134,-9.235263132531696
2002-05-12,-23.37047770354686,-10.334416938879096,-52.48352600971655,-10.134156596297796
2002-05-13,-22.467106450768643,-10.041936625429882,-50.97997891927933,-8.223413146192756
2002-05-14,-22.80415178972529,-9.110376826400286,-51.06447913777472,-9.662263980447134
2002-05-15,-23.199255106304435,-7.880281527284271,-51.22131471526529,-11.068192612982486
2002-05-16,-23.174523700789102,-7.218768684285373,-52.61025927275962,-9.386370088744439
2002-05-17,-23.663615888631494,-7.53948474558936,-52.344958116440935,-9.560512286561146
2002-05-18,-23.524032017890296,-7.473305919613208,-52.69868696966945,-9.885530877502557
2002-05-19,-22.15390229978086,-9.932697474735654,-52.440450067181935,-8.744618655637257
2002-05-20,-23.207955426061424,-11.839847503351994,-52.0008577256321,-9.414769352945246
2002-05-21,-23.39751265694611,-10.992929372202454,-50.61059554154613,-9.934951120234985
2002-05-22,-22.00810032086757,-9.156335964046187,-49.452023021949884,-10.443045895136935
2002-05-23,-23.057255468972137,-12.86669240330134,-48.50220016915135,-11.095830125345376
2002-05-24,-23.38144655721423,-12.546718777454986,-47.64254465329614,-11.409677798353545
2002-05-25,-22.53339262782482,-13.342221446211479,-46.4117511266136,-11.275758204536542
2002-05-26,-21.911934835062965,-13.172120824069617,-46.373841599903535,-8.60948775821752
2002-05-27,-21.63719846100673,-13.531927140742699,-46.89174913214972,-9.810993208780364
2002-05-28,-23.737368205121022,-14.520547174473585,-47.14813185350051,-9.039690527212375
2002-05-29,-23.84886477094897,-13.178094142196954,-46.30973985192514,-6.77025281134711
2002-05-30,-23.985617833138193,-12.164711137552171,-45.56947673038048,-6.509312214823261
2002-05-31,-24.07036102236279,-12.660217293373453,-45.82971472884363,-6.6658645593435
2002-06-01,-23.033144765549384,-14.193972851248272,-45.30041190832398,-8.49177397505009
2002-06-02,-24.040370778553054,-13.40540078509422,-45.874928869616326,-9.090709592238547
2002-06-03,-25.38185370903807,-13.358042930844851,-45.12814377993403,-8.433942584902137
2002-06-04,-24.619699461653195,-14.859434455319274,-44.37650057083131,-8.839767564763772
2002-06-05,-24.66232403224059,-15.042072570238394,-44.46008970882022,-6.888055333530833
2002-06-06,-26.16570542610762,-15.928546224159136,-45.39322011578812,-7.009297223186467
2002-06-07,-27.422417761904164,-15.061497711084106,-47.13036030242011,-6.528031894841613
2002-06-08,-27.4551283197321,-16.484292948892246,-46.343535053019565,-7.06867414016833
2002-06-09,-27.46349835983546,-16.503075843624508,-46.38681932229552,-6.45041290122606
2002-06-10,-27.079940949141346,-15.897970462956927,-46.86399902087762,-5.636757994190538
2002-06-11,-26.203406317031728,-14.664928510956146,-46.20272966333147,-6.951730222150166
2002-06-12,-25.504749381599385,-15.431594586085469,-46.0271691892904,-7.89432087182249
2002-06-13,-26.145742307345248,-14.379167618309369,-45.72626277170279,-8.315513621180484
2002-06-14,-26.17469974613254,-13.32657595045838,-46.41659007427313,-9.334358813606299
2002-06-15,-25.15369869636103,-11.995772596013868,-46.55908969523631,-9.980567094197271
2002-06-16,-25.05104730132184,-11.628198057612574,-46.90546379696025,-8.468829446196372
2002-06-17,-25.746188146013917,-11.54469908461263,-47.167677720269104,-9.401573821475944
2002-06-18,-26.95693994344453,-12.16704289081744,-46.26129710012539,-8.718037238406817
2002-06-19,-27.763278768470492,-12.450869160051813,-49.91065232421893,-9.544235264859342
2002-06-20,-28.324685299264694,-11.818582370069914,-48.669535697212304,-10.210231809353424
2002-06-21,-28.68538994005149,-13.412889538103482,-48.36421328192944,-10.210477806479838
2002-06-22,-29.098950299658078,-12.368581694451668,-47.61596043200353,-9.59163276208949
2002-06-23,-28.990936730414393,-14.08204081645648,-48.44605523379404,-10.463801733111387
2002-06-24,-30.806898088017864,-14.011068121762607,-47.402437259506094,-10.498588598026874
2002-06-25,-31.164773683151985,-14.015515415403106,-46.12208746167523,-10.380446353563784
2002-06-26,-30.012215894012485,-15.237452050852308,-45.35958935569047,-12.794569855866534
2002-06-27,-28.996006924644764,-16.113892046277872,-44.8240249928034,-12.41547412738595
2002-06-28,-30.806865811959817,-14.970688556132114,-45.027515202519226,-11.191626539739152
2002-06-29,-30.365363008093592,-14.385164598245415,-45.17191218154855,-11.215631822126738
2002-06-30,-30.906987252382063,-13.444002667349551,-45.61740329936053,-12.106173878866992
2002-07-01,-29.856717044847755,-14.137564600849776,-45.81976274829556,-11.651830558827182
2002-07-02,-31.58713621654583,-13.871084773550551,-45.84228640761781,-12.39261755864772
2002-07-03,-31.73421017919384,-13.262134499040483,-46.34480874683011,-12.003243876443896
2002-07-04,-31.512390800069767,-12.287133034551692,-46.84056739946122,-12.86430702430557
2002-07-05,-32.444137074729085,-13.409680914441,-46.54093644826128,-11.118801608495517
2002-07-06,-33.41816915286685,-14.405222717549654,-46.98150774980783,-10.51436572163999
2002-07-07,-32.546594824282664,-13.745627701786518,-48.710642574767014,-12.420880113281829
2002-07-08,-33.5180677954285,-13.803730682596822,-47.60580128702497,-12.616748432307688
2002-07-09,-33.22265808788578,-13.383822810333037,-45.23766441128323,-13.13294236558349
2002-07-10,-34.59464901718066,-12.053226312798415,-46.001262505503114,-14.187564459095825
2002-07-11,-33.32714679583721,-11.921446879614374,-43.77739642714063,-13.142807725403092
2002-07-12,-34.2550352538391,-11.282663051498231,-42.45274098664003,-10.24504554663611
2002-07-13,-36.13473238475578,-11.273864769171116,-44.0775088797843,-10.680706439052155
2002-07-14,-38.03546753523939,-8.987181187812329,-41.239976710921745,-8.992418886081182
2002-07-15,-37.51393409260536,-6.919316553645839,-40.40999399961655,-8.697636266152925
2002-07-16,-37.75558294351423,-5.735801683093302,-38.90919444803004,-11.56843539571203
2002-07-17,-38.25758660732655,-6.867657544181653,-39.35841771638334,-11.164924958437137
2002-07-18,-38.445063586158476,-6.83355454268721,-39.65143082612221,-11.915148056182566
2002-07-19,-37.69509730698259,-8.077452683974174,-38.550051259203094,-13.768797102869337
2002-07-20,-36.92499060635099,-8.531830172537092,-39.10081925597953,-14.752555774457418
2002-07-21,-36.080890405446354,-8.171939093030124,-39.30040862413675,-13.636257122570369
2002-07-22,-36.84848309442281,-8.48114130474613,-38.769207914881584,-13.875849702773989
2002-07-23,-37.506207691072284,-9.70934584992295,-38.35894008669712,-15.438034315481687
2002-07-24,-38.1742132263175,-11.673932563974756,-39.41776343006645,-14.641884867941043
2002-07-25,-39.754040844594584,-9.06845753435208,-38.1120817337362,-14.508211298689748
2002-07-26,-38.85970915091862,-8.977398144544342,-38.28511810695092,-13.71882166400928
2002-07-27,-39.51891080453444,-7.711998665455331,-38.652271607423806,-13.590202637501138
2002-07-28,-38.80518539567655,-9.647165325689858,-39.76791417980669,-13.847748501311772
2002-07-29,-40.679060913523024,-10.51492881779824,-39.11802920896105,-15.412856875695272
2002-07-30,-41.32700835629061,-11.473246028516622,-37.13566444723412,-13.550963823001746
2002-07-31,-41.14538882215408,-10.03503350802885,-38.05444056376008,-14.077544183019526
2002-08-01,-41.60830916194916,-10.440014405264472,-39.57407621902197,-14.561353577629507
2002-08-02,-40.4339984184288,-9.156872225982893,-38.12160677688807,-14.007940661382577
2002-08-03,-39.74753701941657,-9.085231676138322,-37.35313650933898,-15.011789216051888
2002-08-04,-38.77552576687424,-7.89484846142585,-38.362126560164505,-15.845891135628802
2002-08-05,-38.59514722978725,-8.674881150149961,-40.19682525303276,-15.160352123727005
2002-08-06,-39.95358815556907,-10.37511794525166,-41.17072994378921,-13.89894842389205
2002-08-07,-40.57967393476035,-10.946483820434745,-41.273061002464395,-12.57446068780204
2002-08-08,-41.003394355760676,-10.889782358850939,-39.81520904796563,-12.330546814707116
2002-08-09,-39.54893578130838,-11.780205632881334,-40.4860592742591,-11.414320628382239
2002-08-10,-39.86718630732051,-12.851297291526226,-39.86999273524473,-11.494694637115854
2002-08-11,-40.16121628035037,-13.9814679085779,-39.184511305097594,-12.054685098407788
2002-08-12,-40.56370891653417,-14.836542352518995,-37.76411191572081,-12.720367536086444
2002-08-13,-39.625699566133115,-14.031133854575357,-37.815127050362314,-12.451538271392053
2002-08-14,-39.31414263168722,-15.770047331717134,-39.137572615722874,-12.408861750963213
2002-08-15,-40.08734259922999,-14.198672821269383,-39.83199587352384,-12.767250512737327
2002-08-16,-38.697893400785276,-14.997819044306317,-40.90096754744836,-12.24720879842066
2002-08-17,-39.45090836136995,-15.846836691229239,-41.38599661496927,-15.496772531152297
2002-08-18,-39.06883924652222,-17.209447252893522,-42.3309915489815,-13.673259166445598
2002-08-19,-40.311179016629,-20.21302927709347,-42.73379696860905,-14.304387879721068
2002-08-20,-39.56178038913969,-20.041999797406437,-42.349067851104984,-13.056608252453874
2002-08-21,-38.92400251010677,-18.96655173448857,-43.3981489444572,-14.389069244746992
2002-08-22,-40.47712125806556,-18.09376586486565,-43.8115998843762,-13.882990688112844
2002-08-23,-41.300329984414155,-17.54953179438697,-45.51780640068391,-12.789449062197622
2002-08-24,-40.19871094577977,-17.288997078729324,-45.218214226355244,-11.524753053472455
2002-08-25,-39.757573564213715,-17.866044713111616,-45.07981918614252,-12.868023788826784
2002-08-26,-38.78937376538651,-17.627526686271633,-44.25170181481755,-12.779901697305448
2002-08-27,-39.356029302483634,-18.90201375972488,-44.668352125030374,-13.367181258359931
2002-08-28,-38.21134447169874,-19.30919797149435,-45.01570511481871,-13.185157887229183
2002-08-29,-39.6370599532906,-20.952721386030536,-45.72806020121769,-14.601632417754281
2002-08-30,-37.028530005967156,-20.877826305699376,-46.826669022703456,-12.454056259961783
2002-08-31,-37.844068785126325,-20.863272049412576,-47.69904437134263,-11.390626057805685
2002-09-01,-37.79743514359307,-20.93904705136972,-47.457986781499024,-12.292399447701593
2002-09-02,-36.866717241240806,-22.530830078722055,-47.81482520122701,-13.419840416434143
2002-09-03,-38.28684992033822,-22.410283599578456,-48.41350047938859,-13.147317469372075
2002-09-04,-37.989594359193326,-22.62015915087437,-47.37130199109626,-13.538379040369858
2002-09-05,-39.07764982265214,-21.749174996785523,-47.95008446904527,-13.577406936260981
2002-09-06,-37.70700443882373,-20.15762233217669,-47.562627914883755,-11.892900510057336
2002-09-07,-37.880891272178445,-18.97945985978133,-46.800075613935114,-10.864925974128191
2002-09-08,-38.217928119542385,-18.78480305660388,-46.937253180334565,-10.726524771888258
2002-09-09,-38.003043307609204,-19.75955759815655,-46.864795641954316,-10.16444348569238
2002-09-10,-37.95574210336976,-18.390417863146123,-47.200864130988485,-9.879185893386486
2002-09-11,-36.24696252600825,-18.333977648745815,-46.490458069178224,-9.977486098219373
2002-09-12,-36.49665530955559,-18.897074662787784,-46.86026560686157,-8.239131295845414
2002-09-13,-35.646300485456,-19.307449609378075,-47.27869180337384,-6.960410542731854
2002-09-14,-35.715259310282924,-19.669673762822775,-45.80979920140557,-8.034638473466579
2002-09-15,-37.29788401009876,-20.209516370001936,-43.95789614692416,-7.065651237063956
2002-09-16,-39.634145721462595,-18.975872619430312,-42.76867454194371,-8.26413738827966
2002-09-17,-39.20440466089538,-18.222877524242065,-42.63850645315422,-8.475114212394868
2002-09-18,-39.09180512410927,-19.177331965954117,-42.927796944025644,-11.048311378168652
2002-09-19,-38.69395813245777,-19.617075689874078,-43.62428801037189,-10.527561111363125
2002-09-20,-36.300678956631266,-18.519020413677186,-44.364359803718145,-9.331610053078172
2002-09-21,-37.53746176447109,-20.735715197392214,-44.88292896805515,-8.410080618288003
2002-09-22,-38.11652025045083,-20.679211701862066,-46.45115367885603,-9.288130788737543
2002-09-23,-38.4209974793982,-20.160104454990737,-47.41034912634497,-8.608664421580917
2002-09-24,-38.50160367546891,-20.013526570060748,-47.03213319244383,-9.5665842386458
2002-09-25,-38.995022906000216,-19.05497518504125,-48.081112052598456,-10.658225550517855
2002-09-26,-38.50485083908151,-17.76160973832105,-48.91061596111897,-11.93801376382199
